OBJECTID,FACILITYID,FIPSCODE,GEOID,CENSUSTRACT,GEOGRAPHICAREANAME,POPTOTAL,HOUSEHOLDCOUNT,RACEHISPANICORIGIN,RACEHISPANICRATIO,RACEWHITENONHISP,RACEWHITERATIO,RACEBLACKNONHISP,RACEBLACKRATIO,RACEASIANNONHISP,RACEASIANRATIO,RACEOTHER,RACEOTHERRATIO,RACEBIPOC,RACEBIPOCRATIO,EQUITYSCORERACE,INCMEDIANINCOME,EQUITYSCOREINCOME,INCMEDIANHISPANIC,INCMEDIANWHITE,INCMEDIANBLACK,INCMEDIANASIAN,INCMEDIANOTHER,EQUITYSCORECOMBINED,LANGGROUPPOPULATION,LEPTOTAL,LEPRATIO,LEPSPANISH,LEPSPANISHRATIO,LEPINDOEUROPEAN,LEPINDOEUROPEANRATIO,LEPASIANPACIFICISLAND,LEPASIANPACIFICISLANDRATIO,LEPOTHER,LEPOTHERRATIO,EQUITYSCORELANG,EDUGROUPPOPULATION,EDULESSTHANHS,EDULESSTHANHSRATIO,EQUITYSCOREEDU,LASTUPDATESOURCE,LASTUPDATE,ENTERPRISEID,INSANJOSE,Shape_Length,Shape_Area
1,249,06085507807,1400000US06085507807,5078.07,"Census Tract 5078.07, Santa Clara County, California",3432,1093,95,0.028,546,0.159,0,0,2641,0.77,150,0.044,2886,0.841,4,250000,1,,191250,,250000,,5,3272,324,0.099,0,0,21,0.065,285,0.88,18,0.056,1,2246,2,0.001,1,ACSDT5Y2022,2024/04/23 16:27:27+00,REF-CDTR-0000000249,Partial,16070.6793037614,10731074.5705656
2,179,06085505012,1400000US06085505012,5050.12,"Census Tract 5050.12, Santa Clara County, California",2879,1456,167,0.058,883,0.307,79,0.027,1666,0.579,84,0.029,1996,0.693,2,201190,1,173262,223382,,223512,173445,3,2691,555,0.206,24,0.043,70,0.126,451,0.813,10,0.018,3,2367,10,0.004,1,ACSDT5Y2022,2024/04/23 16:26:58+00,REF-CDTR-0000000179,Yes,20015.7875675989,11438861.6361989
3,341,06085511910,1400000US06085511910,5119.10,"Census Tract 5119.10, Santa Clara County, California",3051,1082,162,0.053,1934,0.634,0,0,716,0.235,239,0.078,1117,0.366,1,250000,1,,250000,,250000,250000,2,2994,128,0.043,10,0.078,39,0.305,79,0.617,0,0,1,2312,14,0.006,1,ACSDT5Y2022,2024/04/23 16:28:15+00,REF-CDTR-0000000341,Yes,25606.5590244263,24421079.0917197
4,348,06085511917,1400000US06085511917,5119.17,"Census Tract 5119.17, Santa Clara County, California",4220,1575,42,0.01,1630,0.386,0,0,2427,0.575,121,0.029,2590,0.614,2,239073,1,,188438,,240658,,3,4175,619,0.148,0,0,75,0.121,484,0.782,60,0.097,2,3060,26,0.008,1,ACSDT5Y2022,2024/04/23 16:28:16+00,REF-CDTR-0000000348,Yes,26970.9591676005,30775498.6016403
5,46,06085502903,1400000US06085502903,5029.03,"Census Tract 5029.03, Santa Clara County, California",5270,1881,885,0.168,3085,0.585,0,0,1005,0.191,295,0.056,2185,0.415,1,219107,1,221154,208864,,241250,412829,2,4775,249,0.052,57,0.229,36,0.145,156,0.627,0,0,1,3728,33,0.009,1,ACSDT5Y2022,2024/04/23 16:25:52+00,REF-CDTR-0000000046,Yes,19907.6787797619,20265076.1562266
6,180,06085505013,1400000US06085505013,5050.13,"Census Tract 5050.13, Santa Clara County, California",5965,2680,871,0.146,1026,0.172,25,0.004,3891,0.652,152,0.025,4939,0.828,3,185227,1,119872,133913,,233018,250032,4,5574,574,0.103,152,0.265,178,0.31,203,0.354,41,0.071,1,4899,49,0.01,1,ACSDT5Y2022,2024/04/23 16:26:59+00,REF-CDTR-0000000180,Yes,10392.582885558,6534699.42035029
7,345,06085511914,1400000US06085511914,5119.14,"Census Tract 5119.14, Santa Clara County, California",6327,1967,365,0.058,3350,0.529,282,0.045,1593,0.252,737,0.116,2977,0.471,1,247039,1,250000,215054,,250000,250000,2,5969,511,0.086,40,0.078,192,0.376,189,0.37,90,0.176,1,4196,41,0.01,1,ACSDT5Y2022,2024/04/23 16:28:16+00,REF-CDTR-0000000345,Yes,25371.7338995493,29886305.9164048
8,175,06085505006,1400000US06085505006,5050.06,"Census Tract 5050.06, Santa Clara County, California",11716,5586,578,0.049,1924,0.164,104,0.009,8919,0.761,191,0.016,9792,0.836,3,205610,1,,221188,,210641,176481,4,10600,1067,0.101,109,0.102,327,0.306,631,0.591,0,0,1,9203,94,0.01,1,ACSDT5Y2022,2024/04/23 16:26:56+00,REF-CDTR-0000000175,Yes,65644.6235979737,153359059.372423
9,228,06085506804,1400000US06085506804,5068.04,"Census Tract 5068.04, Santa Clara County, California",4602,1587,327,0.071,2827,0.614,42,0.009,994,0.216,412,0.09,1775,0.386,1,216938,1,,207778,,250000,250000,2,4452,364,0.082,67,0.184,146,0.401,151,0.415,0,0,1,3109,33,0.011,1,ACSDT5Y2022,2024/04/23 16:27:09+00,REF-CDTR-0000000228,Yes,20835.4550022865,16597838.8203835
10,344,06085511913,1400000US06085511913,5119.13,"Census Tract 5119.13, Santa Clara County, California",4624,1432,612,0.132,2778,0.601,18,0.004,872,0.189,344,0.074,1846,0.399,1,250000,1,250000,250000,,250000,193884,2,4464,303,0.068,34,0.112,86,0.284,157,0.518,26,0.086,1,3018,36,0.012,1,ACSDT5Y2022,2024/04/23 16:28:15+00,REF-CDTR-0000000344,Yes,20210.5050992473,20706398.7423438
11,251,06085507903,1400000US06085507903,5079.03,"Census Tract 5079.03, Santa Clara County, California",5262,1749,82,0.016,822,0.156,8,0.002,4247,0.807,103,0.02,4440,0.844,4,210813,1,,130052,,250000,,5,5047,1316,0.261,21,0.016,45,0.034,1250,0.95,0,0,4,3690,47,0.013,1,ACSDT5Y2022,2024/04/23 16:27:29+00,REF-CDTR-0000000251,Yes,17725.4276387723,16175799.4676719
12,219,06085506604,1400000US06085506604,5066.04,"Census Tract 5066.04, Santa Clara County, California",7362,2423,756,0.103,2756,0.374,23,0.003,3561,0.484,266,0.036,4606,0.626,2,216054,1,,124266,,250000,161576,3,6919,946,0.137,53,0.056,94,0.099,782,0.827,17,0.018,2,5070,73,0.014,1,ACSDT5Y2022,2024/04/23 16:27:09+00,REF-CDTR-0000000219,Yes,30163.4254279962,26450186.1349081
13,67,06085503125,1400000US06085503125,5031.25,"Census Tract 5031.25, Santa Clara County, California",3663,1474,619,0.169,1435,0.392,81,0.022,1295,0.354,233,0.064,2228,0.608,2,159792,2,173958,112679,,190905,287130,4,3402,581,0.171,103,0.177,109,0.188,362,0.623,7,0.012,3,2667,43,0.016,1,ACSDT5Y2022,2024/04/23 16:26:09+00,REF-CDTR-0000000067,Yes,12042.9799765243,7992544.36104841
14,48,06085502907,1400000US06085502907,5029.07,"Census Tract 5029.07, Santa Clara County, California",3912,1336,652,0.167,2044,0.522,84,0.021,834,0.213,298,0.076,1868,0.478,1,170270,2,229688,170781,,130673,171607,3,3737,235,0.063,80,0.34,40,0.17,115,0.489,0,0,1,2901,47,0.016,1,ACSDT5Y2022,2024/04/23 16:25:53+00,REF-CDTR-0000000048,Yes,15084.9759721877,13470597.7519192
15,366,06085512036,1400000US06085512036,5120.36,"Census Tract 5120.36, Santa Clara County, California",4884,1802,1390,0.285,1662,0.34,104,0.021,1411,0.289,317,0.065,3222,0.66,2,143729,3,111438,129792,172794,203875,216275,5,4613,607,0.132,128,0.211,126,0.208,334,0.55,19,0.031,2,3459,62,0.018,1,ACSDT5Y2022,2024/04/23 16:28:16+00,REF-CDTR-0000000366,Yes,12339.6767191355,8935226.42678627
16,240,06085507402,1400000US06085507402,5074.02,"Census Tract 5074.02, Santa Clara County, California",3980,1502,182,0.046,1702,0.428,0,0,1866,0.469,230,0.058,2278,0.572,2,236161,1,,208261,,250000,250000,3,3836,493,0.129,44,0.089,84,0.17,359,0.728,6,0.012,2,3074,59,0.019,1,ACSDT5Y2022,2024/04/23 16:27:15+00,REF-CDTR-0000000240,Partial,29965.8162008995,26018540.3365598
17,254,06085507906,1400000US06085507906,5079.06,"Census Tract 5079.06, Santa Clara County, California",4481,1401,124,0.028,648,0.145,4,0.001,3536,0.789,169,0.038,3833,0.855,4,250000,1,,142120,,250000,,5,4433,966,0.218,9,0.009,81,0.084,876,0.907,0,0,3,3112,58,0.019,1,ACSDT5Y2022,2024/04/23 16:27:32+00,REF-CDTR-0000000254,Yes,17513.1789151718,15347512.9748064
18,343,06085511912,1400000US06085511912,5119.12,"Census Tract 5119.12, Santa Clara County, California",5705,1717,387,0.068,1987,0.348,0,0,2928,0.513,403,0.071,3718,0.652,2,250000,1,158152,214107,,250000,250000,3,5548,713,0.129,3,0.004,107,0.15,576,0.808,27,0.038,2,3820,71,0.019,1,ACSDT5Y2022,2024/04/23 16:28:15+00,REF-CDTR-0000000343,Yes,25335.0696638963,26359995.0483496
19,229,06085506900,1400000US06085506900,5069.00,"Census Tract 5069, Santa Clara County, California",8174,2802,590,0.072,5426,0.664,85,0.01,1480,0.181,593,0.073,2748,0.336,1,206951,1,250000,169142,250000,250000,462344,2,7934,531,0.067,93,0.175,116,0.218,322,0.606,0,0,1,5517,117,0.021,1,ACSDT5Y2022,2024/04/23 16:27:09+00,REF-CDTR-0000000229,Partial,50891.2300393523,101071685.991091
20,185,06085505203,1400000US06085505203,5052.03,"Census Tract 5052.03, Santa Clara County, California",5476,1386,855,0.156,2594,0.474,213,0.039,1577,0.288,237,0.043,2882,0.526,1,117000,4,84135,95781,,135333,124318,5,5263,416,0.079,33,0.079,78,0.188,297,0.714,8,0.019,1,1971,44,0.022,1,ACSDT5Y2022,2024/04/23 16:27:00+00,REF-CDTR-0000000185,Partial,18188.1181855646,15454717.605219
21,250,06085507808,1400000US06085507808,5078.08,"Census Tract 5078.08, Santa Clara County, California",5811,1872,122,0.021,1058,0.182,0,0,4363,0.751,268,0.046,4753,0.818,3,250000,1,76357,208750,,250000,193125,4,5555,1029,0.185,9,0.009,107,0.104,906,0.88,7,0.007,3,3750,89,0.024,1,ACSDT5Y2022,2024/04/23 16:27:28+00,REF-CDTR-0000000250,Partial,17818.1168370671,18313153.3205335
22,41,06085502703,1400000US06085502703,5027.03,"Census Tract 5027.03, Santa Clara County, California",4015,1670,521,0.13,1553,0.387,126,0.031,1538,0.383,277,0.069,2462,0.613,2,139702,3,101638,138690,136895,176429,303333,5,3871,367,0.095,30,0.082,76,0.207,261,0.711,0,0,1,2983,77,0.026,1,ACSDT5Y2022,2024/04/23 16:25:47+00,REF-CDTR-0000000041,Yes,19327.437477861,15056939.5858206
23,42,06085502704,1400000US06085502704,5027.04,"Census Tract 5027.04, Santa Clara County, California",4143,1526,304,0.073,1694,0.409,196,0.047,1477,0.357,472,0.114,2449,0.591,2,199167,1,,243555,,230500,,3,3862,523,0.135,12,0.023,97,0.185,414,0.792,0,0,2,3119,81,0.026,1,ACSDT5Y2022,2024/04/23 16:25:48+00,REF-CDTR-0000000042,Yes,20730.5986154842,17558695.5154052
24,95,06085503329,1400000US06085503329,5033.29,"Census Tract 5033.29, Santa Clara County, California",3579,1005,185,0.052,488,0.136,28,0.008,2726,0.762,152,0.042,3091,0.864,4,232098,1,73125,169032,,250000,245662,5,3418,615,0.18,16,0.026,60,0.098,539,0.876,0,0,3,2372,64,0.027,1,ACSDT5Y2022,2024/04/23 16:26:18+00,REF-CDTR-0000000095,Yes,15920.3098990967,12529000.6214702
25,342,06085511911,1400000US06085511911,5119.11,"Census Tract 5119.11, Santa Clara County, California",5049,2007,445,0.088,2921,0.579,149,0.03,1230,0.244,304,0.06,2128,0.421,1,164821,2,123565,141371,89018,250000,108500,3,4949,657,0.133,30,0.046,241,0.367,270,0.411,116,0.177,2,3858,105,0.027,1,ACSDT5Y2022,2024/04/23 16:28:15+00,REF-CDTR-0000000342,Yes,166818.209594125,410970499.043362
26,38,06085502603,1400000US06085502603,5026.03,"Census Tract 5026.03, Santa Clara County, California",3026,1047,434,0.143,1842,0.609,24,0.008,392,0.13,334,0.11,1184,0.391,1,175592,2,140227,175066,,241250,250000,3,2783,154,0.055,35,0.227,15,0.097,104,0.675,0,0,1,2156,61,0.028,1,ACSDT5Y2022,2024/04/23 16:25:44+00,REF-CDTR-0000000038,Partial,15683.1930146187,13136180.3838428
27,54,06085503003,1400000US06085503003,5030.03,"Census Tract 5030.03, Santa Clara County, California",5050,1787,958,0.19,2907,0.576,30,0.006,926,0.183,229,0.045,2143,0.424,1,172917,2,121667,173877,,198750,157625,3,4668,293,0.063,91,0.311,36,0.123,166,0.567,0,0,1,3586,99,0.028,1,ACSDT5Y2022,2024/04/23 16:25:58+00,REF-CDTR-0000000054,Yes,19401.788036335,20867763.0344987
28,222,06085506701,1400000US06085506701,5067.01,"Census Tract 5067.01, Santa Clara County, California",4268,1309,453,0.106,1849,0.433,21,0.005,1833,0.429,112,0.026,2419,0.567,1,212679,1,94063,188287,,245750,102750,2,4004,530,0.132,56,0.106,113,0.213,346,0.653,15,0.028,2,3018,89,0.029,1,ACSDT5Y2022,2024/04/23 16:27:09+00,REF-CDTR-0000000222,Partial,18206.1341425788,17216382.7240915
29,39,06085502604,1400000US06085502604,5026.04,"Census Tract 5026.04, Santa Clara County, California",3998,2094,839,0.21,2188,0.547,166,0.042,596,0.149,209,0.052,1810,0.453,1,110395,4,162868,103793,,191179,342925,5,3779,220,0.058,28,0.127,28,0.127,136,0.618,28,0.127,1,3058,94,0.031,1,ACSDT5Y2022,2024/04/23 16:25:45+00,REF-CDTR-0000000039,Partial,24646.5672897733,13790026.7248867
30,340,06085511907,1400000US06085511907,5119.07,"Census Tract 5119.07, Santa Clara County, California",4144,1237,226,0.055,1330,0.321,72,0.017,2319,0.56,197,0.048,2814,0.679,2,250000,1,250000,172639,,250000,,3,3991,669,0.168,0,0,90,0.135,579,0.865,0,0,3,2761,88,0.032,1,ACSDT5Y2022,2024/04/23 16:28:14+00,REF-CDTR-0000000340,Yes,24358.2728532202,18713545.8776548
31,252,06085507904,1400000US06085507904,5079.04,"Census Tract 5079.04, Santa Clara County, California",3061,1029,38,0.012,616,0.201,65,0.021,2207,0.721,135,0.044,2445,0.799,3,250000,1,,235000,,250000,,4,2922,489,0.167,0,0,6,0.012,483,0.988,0,0,2,2159,74,0.034,1,ACSDT5Y2022,2024/04/23 16:27:30+00,REF-CDTR-0000000252,Yes,16667.4734975862,13759245.5412403
32,253,06085507905,1400000US06085507905,5079.05,"Census Tract 5079.05, Santa Clara County, California",5181,1973,403,0.078,1017,0.196,100,0.019,3596,0.694,65,0.013,4164,0.804,3,137813,3,,,,193049,81942,6,4924,986,0.2,0,0,112,0.114,858,0.87,16,0.016,3,3524,127,0.036,1,ACSDT5Y2022,2024/04/23 16:27:31+00,REF-CDTR-0000000253,Yes,17930.5550978308,15716195.0914684
33,256,06085508004,1400000US06085508004,5080.04,"Census Tract 5080.04, Santa Clara County, California",5862,2041,254,0.043,1297,0.221,363,0.062,3825,0.653,123,0.021,4565,0.779,3,232563,1,,183355,,238819,,4,5414,740,0.137,44,0.059,145,0.196,551,0.745,0,0,2,4032,148,0.037,1,ACSDT5Y2022,2024/04/23 16:27:33+00,REF-CDTR-0000000256,Partial,16023.5378700756,15569015.6618372
34,206,06085506204,1400000US06085506204,5062.04,"Census Tract 5062.04, Santa Clara County, California",5546,1983,414,0.075,1191,0.215,196,0.035,3525,0.636,220,0.04,4355,0.785,3,188047,1,231029,99556,,244821,241563,4,5311,1620,0.305,51,0.031,213,0.131,1356,0.837,0,0,4,3831,147,0.038,1,ACSDT5Y2022,2024/04/23 16:27:07+00,REF-CDTR-0000000206,Yes,19379.9253277898,19331572.2883752
35,45,06085502902,1400000US06085502902,5029.02,"Census Tract 5029.02, Santa Clara County, California",9155,3041,1271,0.139,5554,0.607,52,0.006,2039,0.223,239,0.026,3601,0.393,1,178375,2,113102,220242,,207431,,3,8600,627,0.073,33,0.053,113,0.18,481,0.767,0,0,1,5985,228,0.038,1,ACSDT5Y2022,2024/04/23 16:25:51+00,REF-CDTR-0000000045,Yes,24297.5784345619,28289409.5172794
36,23,06085501901,1400000US06085501901,5019.01,"Census Tract 5019.01, Santa Clara County, California",2618,1299,588,0.225,816,0.312,258,0.099,780,0.298,176,0.067,1802,0.688,2,126917,3,142333,156905,,103239,413750,5,2565,555,0.216,176,0.317,32,0.058,256,0.461,91,0.164,3,2130,83,0.039,1,ACSDT5Y2022,2024/04/23 16:25:26+00,REF-CDTR-0000000023,Yes,11212.2233273719,6433770.80542319
37,218,06085506603,1400000US06085506603,5066.03,"Census Tract 5066.03, Santa Clara County, California",4252,1515,431,0.101,1924,0.452,6,0.001,1320,0.31,571,0.134,2328,0.548,1,250000,1,86220,210694,,250000,336339,2,4094,467,0.114,64,0.137,53,0.113,313,0.67,37,0.079,2,3010,116,0.039,1,ACSDT5Y2022,2024/04/23 16:27:07+00,REF-CDTR-0000000218,Yes,15312.1218182542,13772310.6222529
38,226,06085506802,1400000US06085506802,5068.02,"Census Tract 5068.02, Santa Clara County, California",5885,1946,933,0.159,2674,0.454,72,0.012,1761,0.299,445,0.076,3211,0.546,1,193981,1,160410,208236,,213472,161466,2,5619,588,0.105,173,0.294,55,0.094,355,0.604,5,0.009,1,4098,161,0.039,1,ACSDT5Y2022,2024/04/23 16:27:09+00,REF-CDTR-0000000226,Yes,24147.4581037245,21998226.6058126
39,96,06085503330,1400000US06085503330,5033.30,"Census Tract 5033.30, Santa Clara County, California",7156,2001,486,0.068,494,0.069,365,0.051,5701,0.797,110,0.015,6662,0.931,5,250000,1,250000,250000,,250000,250000,6,6917,842,0.122,16,0.019,160,0.19,666,0.791,0,0,2,4654,184,0.04,1,ACSDT5Y2022,2024/04/23 16:26:18+00,REF-CDTR-0000000096,Yes,72242.243419309,191329678.108271
40,197,06085505800,1400000US06085505800,5058.00,"Census Tract 5058, Santa Clara County, California",4242,1633,1028,0.242,2096,0.494,80,0.019,893,0.211,145,0.034,2146,0.506,1,165750,2,127875,165167,,250000,304042,3,4101,254,0.062,40,0.157,34,0.134,148,0.583,32,0.126,1,3186,132,0.041,1,ACSDT5Y2022,2024/04/23 16:27:03+00,REF-CDTR-0000000197,Yes,22374.3120282523,18156953.6172668
41,5,06085500500,1400000US06085500500,5005.00,"Census Tract 5005, Santa Clara County, California",5020,2093,868,0.173,2986,0.595,207,0.041,745,0.148,214,0.043,2034,0.405,1,171885,2,154531,165352,,250000,233162,3,4824,389,0.081,168,0.432,78,0.201,143,0.368,0,0,1,4084,168,0.041,1,ACSDT5Y2022,2024/04/23 16:25:08+00,REF-CDTR-0000000005,Yes,22434.0238346495,22929354.6625275
42,204,06085506202,1400000US06085506202,5062.02,"Census Tract 5062.02, Santa Clara County, California",8409,2770,452,0.054,2514,0.299,405,0.048,4229,0.503,809,0.096,5895,0.701,2,175179,2,114024,180227,,178018,223427,4,7881,1735,0.22,208,0.12,190,0.11,1315,0.758,22,0.013,3,6056,249,0.041,1,ACSDT5Y2022,2024/04/23 16:27:06+00,REF-CDTR-0000000204,Yes,23623.5792101377,27066740.6833951
43,339,06085511905,1400000US06085511905,5119.05,"Census Tract 5119.05, Santa Clara County, California",2969,1009,77,0.026,1491,0.502,21,0.007,1305,0.44,75,0.025,1478,0.498,1,241440,1,,227500,,250000,,2,2903,446,0.154,0,0,99,0.222,347,0.778,0,0,2,1983,84,0.042,2,ACSDT5Y2022,2024/04/23 16:28:13+00,REF-CDTR-0000000339,Yes,18351.09986461,13611409.3881344
44,362,06085512031,1400000US06085512031,5120.31,"Census Tract 5120.31, Santa Clara County, California",4378,1377,993,0.227,1941,0.443,0,0,1118,0.255,326,0.074,2437,0.557,1,184917,1,179653,169375,,230750,211023,2,4186,342,0.082,76,0.222,30,0.088,236,0.69,0,0,1,3080,132,0.043,2,ACSDT5Y2022,2024/04/23 16:28:16+00,REF-CDTR-0000000362,Yes,17846.8270841313,15452920.6675912
45,350,06085512001,1400000US06085512001,5120.01,"Census Tract 5120.01, Santa Clara County, California",6384,1836,954,0.149,1264,0.198,224,0.035,3149,0.493,793,0.124,5120,0.802,3,192176,1,230288,138672,117092,250000,354105,4,5883,780,0.133,91,0.117,47,0.06,570,0.731,72,0.092,2,4198,184,0.044,2,ACSDT5Y2022,2024/04/23 16:28:16+00,REF-CDTR-0000000350,Yes,74726.6679139252,215770778.675918
46,208,06085506302,1400000US06085506302,5063.02,"Census Tract 5063.02, Santa Clara County, California",6180,2480,825,0.133,2861,0.463,435,0.07,1779,0.288,280,0.045,3319,0.537,1,180155,2,141146,162406,,197375,250000,3,5986,862,0.144,80,0.093,90,0.104,496,0.575,196,0.227,2,4614,207,0.045,2,ACSDT5Y2022,2024/04/23 16:27:07+00,REF-CDTR-0000000208,Yes,19337.7031745715,21680338.2200927
47,35,06085502400,1400000US06085502400,5024.00,"Census Tract 5024, Santa Clara County, California",6909,2745,1132,0.164,4594,0.665,79,0.011,631,0.091,473,0.068,2315,0.335,1,200324,1,95865,208688,,241343,,2,6518,582,0.089,381,0.655,73,0.125,128,0.22,0,0,1,5209,234,0.045,2,ACSDT5Y2022,2024/04/23 16:25:40+00,REF-CDTR-0000000035,Yes,26618.795558566,28841352.0874758
48,98,06085503332,1400000US06085503332,5033.32,"Census Tract 5033.32, Santa Clara County, California",5993,2833,814,0.136,3200,0.534,8,0.001,1581,0.264,390,0.065,2793,0.466,1,133872,3,,110678,,143741,,4,5935,320,0.054,68,0.213,56,0.175,181,0.566,15,0.047,1,5062,231,0.046,2,ACSDT5Y2022,2024/04/23 16:26:18+00,REF-CDTR-0000000098,Yes,42734.9968357718,84859614.3165125
49,227,06085506803,1400000US06085506803,5068.03,"Census Tract 5068.03, Santa Clara County, California",7090,2288,986,0.139,3387,0.478,257,0.036,2184,0.308,276,0.039,3703,0.522,1,175938,2,71083,173452,,250000,95233,3,6849,743,0.108,92,0.124,82,0.11,503,0.677,66,0.089,1,4796,222,0.046,2,ACSDT5Y2022,2024/04/23 16:27:09+00,REF-CDTR-0000000227,Yes,19976.0587605926,24652705.2882592
50,52,06085503001,1400000US06085503001,5030.01,"Census Tract 5030.01, Santa Clara County, California",4455,1650,626,0.141,2781,0.624,80,0.018,588,0.132,380,0.085,1674,0.376,1,144254,3,98359,136250,143828,219375,190179,4,4095,183,0.045,44,0.24,60,0.328,79,0.432,0,0,1,3112,145,0.047,2,ACSDT5Y2022,2024/04/23 16:25:56+00,REF-CDTR-0000000052,Yes,19700.2072335264,18596777.8082529
51,27,06085502101,1400000US06085502101,5021.01,"Census Tract 5021.01, Santa Clara County, California",5045,2135,1080,0.214,2309,0.458,59,0.012,1232,0.244,365,0.072,2736,0.542,1,129258,3,,131591,,146250,165741,4,4837,486,0.1,87,0.179,88,0.181,306,0.63,5,0.01,1,3667,174,0.047,2,ACSDT5Y2022,2024/04/23 16:25:30+00,REF-CDTR-0000000027,Yes,21012.1118836458,20606221.236903
52,198,06085505901,1400000US06085505901,5059.01,"Census Tract 5059.01, Santa Clara County, California",4153,1595,299,0.072,2183,0.526,0,0,1395,0.336,276,0.066,1970,0.474,1,169421,2,,,,215119,,3,3917,463,0.118,110,0.238,0,0,337,0.728,16,0.035,2,3139,151,0.048,2,ACSDT5Y2022,2024/04/23 16:27:04+00,REF-CDTR-0000000198,Partial,17760.3300141516,13662451.6931434
53,381,06085512059,1400000US06085512059,5120.59,"Census Tract 5120.59, Santa Clara County, California",6927,2220,1731,0.25,2594,0.374,156,0.023,1955,0.282,491,0.071,4333,0.626,2,148700,3,166042,133568,,190508,83571,5,6591,831,0.126,270,0.325,81,0.097,446,0.537,34,0.041,2,4738,226,0.048,2,ACSDT5Y2022,2024/04/23 16:28:16+00,REF-CDTR-0000000381,Yes,25159.7888313112,25398778.2429288
54,181,06085505014,1400000US06085505014,5050.14,"Census Tract 5050.14, Santa Clara County, California",6023,2560,1343,0.223,1064,0.177,183,0.03,3167,0.526,266,0.044,4959,0.823,3,137273,3,88750,122500,,158510,62019,6,5541,1179,0.213,301,0.255,142,0.12,646,0.548,90,0.076,3,4721,236,0.05,2,ACSDT5Y2022,2024/04/23 16:26:59+00,REF-CDTR-0000000181,Yes,17382.9342602638,12137544.2967208
55,44,06085502901,1400000US06085502901,5029.01,"Census Tract 5029.01, Santa Clara County, California",6213,2155,1532,0.247,3136,0.505,67,0.011,1149,0.185,329,0.053,3077,0.495,1,151010,3,87500,156838,,250000,285230,4,5881,963,0.164,352,0.366,468,0.486,143,0.148,0,0,2,4281,216,0.05,2,ACSDT5Y2022,2024/04/23 16:25:50+00,REF-CDTR-0000000044,Yes,21095.8957520266,20261458.6611936
56,40,06085502701,1400000US06085502701,5027.01,"Census Tract 5027.01, Santa Clara County, California",5611,2081,1274,0.227,2358,0.42,186,0.033,1345,0.24,448,0.08,3253,0.58,2,136691,3,95365,135694,,250000,64420,5,5139,525,0.102,102,0.194,171,0.326,219,0.417,33,0.063,1,3786,193,0.051,2,ACSDT5Y2022,2024/04/23 16:25:46+00,REF-CDTR-0000000040,Yes,19760.8581548421,18778169.7311281
57,47,06085502906,1400000US06085502906,5029.06,"Census Tract 5029.06, Santa Clara County, California",4995,1625,870,0.174,2467,0.494,137,0.027,1192,0.239,329,0.066,2528,0.506,1,122356,4,119813,121750,,156375,112031,5,4663,578,0.124,83,0.144,159,0.275,290,0.502,46,0.08,2,3469,183,0.053,2,ACSDT5Y2022,2024/04/23 16:25:53+00,REF-CDTR-0000000047,Yes,16489.400138356,16621523.6414921
58,69,06085503127,1400000US06085503127,5031.27,"Census Tract 5031.27, Santa Clara County, California",4723,2047,684,0.145,1186,0.251,184,0.039,2463,0.521,206,0.044,3537,0.749,3,159375,2,85278,113378,80651,189797,114583,5,4544,1053,0.232,212,0.201,83,0.079,676,0.642,82,0.078,3,3747,205,0.055,2,ACSDT5Y2022,2024/04/23 16:26:10+00,REF-CDTR-0000000069,Yes,27713.304599848,31500444.5252644
59,50,06085502909,1400000US06085502909,5029.09,"Census Tract 5029.09, Santa Clara County, California",4918,2016,1805,0.367,1939,0.394,79,0.016,933,0.19,162,0.033,2979,0.606,2,116596,4,107241,121250,,152143,199971,6,4550,595,0.131,226,0.38,146,0.245,179,0.301,44,0.074,2,3487,192,0.055,2,ACSDT5Y2022,2024/04/23 16:25:54+00,REF-CDTR-0000000050,Yes,18002.2911356726,13893019.5368432
60,136,06085504311,1400000US06085504311,5043.11,"Census Tract 5043.11, Santa Clara County, California",8064,2999,621,0.077,723,0.09,46,0.006,6387,0.792,287,0.036,7341,0.91,4,167277,2,63214,194330,,175000,145938,6,7612,2175,0.286,50,0.023,90,0.041,2035,0.936,0,0,4,5861,325,0.055,2,ACSDT5Y2022,2024/04/23 16:26:38+00,REF-CDTR-0000000136,Yes,20627.6703081915,23425425.6904368
61,358,06085512026,1400000US06085512026,5120.26,"Census Tract 5120.26, Santa Clara County, California",3680,1274,1211,0.329,805,0.219,162,0.044,1301,0.354,201,0.055,2875,0.781,3,117162,4,131484,93897,,163958,328198,7,3592,611,0.17,158,0.259,119,0.195,303,0.496,31,0.051,3,2640,151,0.057,2,ACSDT5Y2022,2024/04/23 16:28:16+00,REF-CDTR-0000000358,Yes,20852.3820007469,23748703.8399056
62,347,06085511916,1400000US06085511916,5119.16,"Census Tract 5119.16, Santa Clara County, California",4463,1549,584,0.131,1988,0.445,172,0.039,1461,0.327,258,0.058,2475,0.555,1,191458,1,167583,185714,,232083,,2,4206,531,0.126,31,0.058,165,0.311,308,0.58,27,0.051,2,2847,163,0.057,2,ACSDT5Y2022,2024/04/23 16:28:16+00,REF-CDTR-0000000347,Yes,19300.0744014704,19790274.5873687
63,363,06085512032,1400000US06085512032,5120.32,"Census Tract 5120.32, Santa Clara County, California",3314,1148,1036,0.313,1069,0.323,59,0.018,940,0.284,210,0.063,2245,0.677,2,153947,2,170862,152222,,,221786,4,3023,313,0.104,160,0.511,0,0,148,0.473,5,0.016,1,2283,132,0.058,2,ACSDT5Y2022,2024/04/23 16:28:16+00,REF-CDTR-0000000363,Yes,28248.4117383176,31951928.3749858
64,19,06085501601,1400000US06085501601,5016.01,"Census Tract 5016.01, Santa Clara County, California",4088,1479,2040,0.499,1104,0.27,48,0.012,700,0.171,196,0.048,2984,0.73,3,112793,4,113630,117313,,91458,186459,7,3872,716,0.185,529,0.739,8,0.011,49,0.068,130,0.182,3,2260,132,0.058,2,ACSDT5Y2022,2024/04/23 16:25:23+00,REF-CDTR-0000000019,Yes,17131.5598916766,8414873.55619585
65,43,06085502800,1400000US06085502800,5028.00,"Census Tract 5028, Santa Clara County, California",4419,1425,1060,0.24,1973,0.446,15,0.003,1092,0.247,279,0.063,2446,0.554,1,181528,2,,167167,,213816,250000,3,4078,443,0.109,39,0.088,90,0.203,314,0.709,0,0,1,2935,172,0.059,2,ACSDT5Y2022,2024/04/23 16:25:49+00,REF-CDTR-0000000043,Yes,18180.8814309291,18901668.0106806
66,37,06085502601,1400000US06085502601,5026.01,"Census Tract 5026.01, Santa Clara County, California",3048,1373,935,0.307,1704,0.559,34,0.011,242,0.079,133,0.044,1344,0.441,1,148417,3,139153,173086,,250000,139030,4,2914,177,0.061,82,0.463,0,0,84,0.475,11,0.062,1,2282,137,0.06,2,ACSDT5Y2022,2024/04/23 16:25:43+00,REF-CDTR-0000000037,Yes,17801.7805478767,15180398.3170287
67,364,06085512034,1400000US06085512034,5120.34,"Census Tract 5120.34, Santa Clara County, California",2932,988,850,0.29,1160,0.396,0,0,793,0.27,129,0.044,1772,0.604,2,169219,2,198155,174500,,146071,202532,4,2724,418,0.153,27,0.065,67,0.16,256,0.612,68,0.163,2,2059,126,0.061,2,ACSDT5Y2022,2024/04/23 16:28:16+00,REF-CDTR-0000000364,Yes,16723.707150794,11226464.9174045
68,351,06085512005,1400000US06085512005,5120.05,"Census Tract 5120.05, Santa Clara County, California",6633,2113,1666,0.251,3063,0.462,46,0.007,1437,0.217,421,0.063,3570,0.538,1,176855,2,,198043,,168088,175833,3,6190,868,0.14,243,0.28,251,0.289,363,0.418,11,0.013,2,4676,287,0.061,2,ACSDT5Y2022,2024/04/23 16:28:16+00,REF-CDTR-0000000351,Yes,22338.729767123,26057329.3996118
69,349,06085511918,1400000US06085511918,5119.18,"Census Tract 5119.18, Santa Clara County, California",3127,966,348,0.111,1496,0.478,0,0,1075,0.344,208,0.067,1631,0.522,1,231724,1,250000,228292,,231164,,2,2988,210,0.07,0,0,0,0,184,0.876,26,0.124,1,2108,134,0.064,2,ACSDT5Y2022,2024/04/23 16:28:16+00,REF-CDTR-0000000349,Yes,96763.2570750896,226162405.007033
70,211,06085506401,1400000US06085506401,5064.01,"Census Tract 5064.01, Santa Clara County, California",4710,2141,1255,0.266,1754,0.372,137,0.029,1235,0.262,329,0.07,2956,0.628,2,142793,3,74183,120543,,205417,322332,5,4458,712,0.16,212,0.298,171,0.24,317,0.445,12,0.017,2,3756,240,0.064,2,ACSDT5Y2022,2024/04/23 16:27:07+00,REF-CDTR-0000000211,Yes,15694.5935197102,14458028.1269444
71,360,06085512029,1400000US06085512029,5120.29,"Census Tract 5120.29, Santa Clara County, California",7849,2516,2694,0.343,3292,0.419,93,0.012,1401,0.178,369,0.047,4557,0.581,2,155000,2,127813,151296,,250000,128339,4,7487,591,0.079,196,0.332,37,0.063,358,0.606,0,0,1,4990,321,0.064,2,ACSDT5Y2022,2024/04/23 16:28:16+00,REF-CDTR-0000000360,Yes,20395.0176158433,20492490.7569894
72,209,06085506304,1400000US06085506304,5063.04,"Census Tract 5063.04, Santa Clara County, California",6164,2442,1611,0.261,1446,0.235,305,0.049,2572,0.417,230,0.037,4718,0.765,3,120889,4,58693,72269,111797,193125,92933,7,5610,1348,0.24,348,0.258,336,0.249,664,0.493,0,0,3,4182,274,0.066,2,ACSDT5Y2022,2024/04/23 16:27:07+00,REF-CDTR-0000000209,Yes,13593.0199408715,11613644.5672372
73,380,06085512058,1400000US06085512058,5120.58,"Census Tract 5120.58, Santa Clara County, California",5504,2311,1416,0.257,1212,0.22,222,0.04,2350,0.427,304,0.055,4292,0.78,3,113893,4,72635,124338,31111,131451,184938,7,4933,902,0.183,223,0.247,56,0.062,623,0.691,0,0,3,3746,251,0.067,2,ACSDT5Y2022,2024/04/23 16:28:16+00,REF-CDTR-0000000380,Yes,17346.0905476189,16515685.1794765
74,361,06085512030,1400000US06085512030,5120.30,"Census Tract 5120.30, Santa Clara County, California",2922,905,409,0.14,1336,0.457,67,0.023,907,0.31,203,0.069,1586,0.543,1,182344,1,169167,199808,,163000,250000,2,2696,446,0.165,60,0.135,123,0.276,263,0.59,0,0,2,1995,136,0.068,2,ACSDT5Y2022,2024/04/23 16:28:16+00,REF-CDTR-0000000361,Yes,17728.8265418578,12826809.0644708
75,103,06085503339,1400000US06085503339,5033.39,"Census Tract 5033.39, Santa Clara County, California",3934,1241,425,0.108,686,0.174,17,0.004,2577,0.655,229,0.058,3248,0.826,3,250000,1,250000,250000,,250000,250000,4,3836,240,0.063,0,0,30,0.125,210,0.875,0,0,1,2627,178,0.068,2,ACSDT5Y2022,2024/04/23 16:26:20+00,REF-CDTR-0000000103,Yes,34715.6110398997,40384614.204905
76,132,06085504201,1400000US06085504201,5042.01,"Census Tract 5042.01, Santa Clara County, California",5936,1803,1688,0.284,1914,0.322,177,0.03,1551,0.261,606,0.102,4022,0.678,2,184539,1,181250,182135,141938,247292,410586,3,5694,867,0.152,303,0.349,356,0.411,198,0.228,10,0.012,2,4417,303,0.069,2,ACSDT5Y2022,2024/04/23 16:26:37+00,REF-CDTR-0000000132,Yes,35469.5711292598,32201775.5139328
77,33,06085502301,1400000US06085502301,5023.01,"Census Tract 5023.01, Santa Clara County, California",3185,1258,695,0.218,1784,0.56,108,0.034,351,0.11,247,0.078,1401,0.44,1,166833,2,141759,203000,,234028,294264,3,2971,346,0.116,203,0.587,86,0.249,57,0.165,0,0,2,2265,161,0.071,2,ACSDT5Y2022,2024/04/23 16:25:37+00,REF-CDTR-0000000033,Yes,17242.568657511,13208648.8677044
78,93,06085503326,1400000US06085503326,5033.26,"Census Tract 5033.26, Santa Clara County, California",7172,1918,775,0.108,980,0.137,0,0,4941,0.689,476,0.066,6192,0.863,4,189612,1,150089,,,220962,135278,5,6942,1543,0.222,76,0.049,260,0.169,1207,0.782,0,0,3,4650,328,0.071,2,ACSDT5Y2022,2024/04/23 16:26:18+00,REF-CDTR-0000000093,Yes,45220.885985311,45851726.5311973
79,357,06085512025,1400000US06085512025,5120.25,"Census Tract 5120.25, Santa Clara County, California",2983,968,634,0.213,1170,0.392,61,0.02,894,0.3,224,0.075,1813,0.608,2,226364,1,179097,188472,178194,248750,179861,3,2816,334,0.119,182,0.545,12,0.036,140,0.419,0,0,2,2181,156,0.072,2,ACSDT5Y2022,2024/04/23 16:28:16+00,REF-CDTR-0000000357,Yes,15062.3158722642,13432272.4174405
80,102,06085503338,1400000US06085503338,5033.38,"Census Tract 5033.38, Santa Clara County, California",4092,1160,220,0.054,829,0.203,0,0,2788,0.681,255,0.062,3263,0.797,3,250000,1,242750,250000,,250000,,4,3954,850,0.215,0,0,197,0.232,613,0.721,40,0.047,3,2728,198,0.073,2,ACSDT5Y2022,2024/04/23 16:26:20+00,REF-CDTR-0000000102,Yes,70002.3840969643,101180487.408855
81,145,06085504322,1400000US06085504322,5043.22,"Census Tract 5043.22, Santa Clara County, California",6103,2144,357,0.058,553,0.091,257,0.042,4500,0.737,436,0.071,5550,0.909,4,174318,2,160208,214306,84408,181864,,6,5649,1487,0.263,16,0.011,185,0.124,1264,0.85,22,0.015,4,4511,329,0.073,2,ACSDT5Y2022,2024/04/23 16:26:39+00,REF-CDTR-0000000145,Yes,23379.1666113276,34434098.9032321
82,36,06085502500,1400000US06085502500,5025.00,"Census Tract 5025, Santa Clara County, California",6537,2378,1613,0.247,3645,0.558,67,0.01,809,0.124,403,0.062,2892,0.442,1,212722,1,195123,250000,,250000,365957,2,5882,528,0.09,337,0.638,59,0.112,132,0.25,0,0,1,4532,334,0.074,2,ACSDT5Y2022,2024/04/23 16:25:42+00,REF-CDTR-0000000036,Yes,23434.0441781538,26871480.9116689
83,11,06085501101,1400000US06085501101,5011.01,"Census Tract 5011.01, Santa Clara County, California",4369,1906,1556,0.356,1127,0.258,86,0.02,1311,0.3,289,0.066,3242,0.742,3,88583,5,75729,131509,183906,50795,147738,8,4138,710,0.172,158,0.223,52,0.073,500,0.704,0,0,3,3505,263,0.075,2,ACSDT5Y2022,2024/04/23 16:25:16+00,REF-CDTR-0000000011,Yes,12330.1532225257,7069988.49495897
84,221,06085506606,1400000US06085506606,5066.06,"Census Tract 5066.06, Santa Clara County, California",5137,1788,1293,0.252,1759,0.342,100,0.019,1715,0.334,270,0.053,3378,0.658,2,114574,4,99155,104289,126192,165527,114286,6,4772,836,0.175,364,0.435,169,0.202,303,0.362,0,0,3,3490,266,0.076,2,ACSDT5Y2022,2024/04/23 16:27:09+00,REF-CDTR-0000000221,Partial,14787.5760712695,12917920.3292367
85,138,06085504315,1400000US06085504315,5043.15,"Census Tract 5043.15, Santa Clara County, California",6719,1880,976,0.145,799,0.119,60,0.009,4714,0.702,170,0.025,5920,0.881,4,166042,2,151458,122222,,185625,337179,6,6553,1716,0.262,156,0.091,56,0.033,1504,0.876,0,0,4,4801,364,0.076,2,ACSDT5Y2022,2024/04/23 16:26:38+00,REF-CDTR-0000000138,Yes,17756.582978901,17077757.6962135
86,51,06085502910,1400000US06085502910,5029.10,"Census Tract 5029.10, Santa Clara County, California",3960,1419,1312,0.331,1661,0.419,84,0.021,691,0.174,212,0.054,2299,0.581,2,123994,4,99338,159583,,222688,221638,6,3717,448,0.121,144,0.321,161,0.359,143,0.319,0,0,2,2780,214,0.077,3,ACSDT5Y2022,2024/04/23 16:25:55+00,REF-CDTR-0000000051,Yes,18363.5028906895,12773638.3899069
87,376,06085512054,1400000US06085512054,5120.54,"Census Tract 5120.54, Santa Clara County, California",4150,1719,1621,0.391,765,0.184,237,0.057,1259,0.303,268,0.065,3385,0.816,3,116250,4,115197,113068,52356,184913,217983,7,3915,877,0.224,495,0.564,162,0.185,193,0.22,27,0.031,3,2925,226,0.077,3,ACSDT5Y2022,2024/04/23 16:28:16+00,REF-CDTR-0000000376,Yes,8418.97338447809,3898386.12355893
88,4,06085500400,1400000US06085500400,5004.00,"Census Tract 5004, Santa Clara County, California",2545,1029,803,0.316,805,0.316,157,0.062,530,0.208,250,0.098,1740,0.684,2,146607,3,144286,161667,136400,149821,160417,5,2385,288,0.121,124,0.431,29,0.101,128,0.444,7,0.024,2,1902,148,0.078,3,ACSDT5Y2022,2024/04/23 16:25:06+00,REF-CDTR-0000000004,Yes,13386.0510051309,10820675.7242389
89,374,06085512052,1400000US06085512052,5120.52,"Census Tract 5120.52, Santa Clara County, California",4279,1720,1214,0.284,1705,0.398,154,0.036,880,0.206,326,0.076,2574,0.602,2,132698,3,104167,119398,181678,195167,347589,5,3934,328,0.083,117,0.357,114,0.348,91,0.277,6,0.018,1,3160,246,0.078,3,ACSDT5Y2022,2024/04/23 16:28:16+00,REF-CDTR-0000000374,Yes,18209.7968029537,16530263.5377375
90,217,06085506601,1400000US06085506601,5066.01,"Census Tract 5066.01, Santa Clara County, California",3887,1537,873,0.225,1334,0.343,88,0.023,1449,0.373,143,0.037,2553,0.657,2,125208,3,76958,118417,,170822,76442,5,3682,639,0.174,97,0.152,101,0.158,385,0.603,56,0.088,3,2825,222,0.079,3,ACSDT5Y2022,2024/04/23 16:27:07+00,REF-CDTR-0000000217,Yes,16717.6122120482,16860680.0617312
91,8,06085500901,1400000US06085500901,5009.01,"Census Tract 5009.01, Santa Clara County, California",4459,2192,989,0.222,1127,0.253,234,0.052,2048,0.459,61,0.014,3332,0.747,3,73750,5,65842,103125,,,67270,8,4411,484,0.11,1,0.002,107,0.221,364,0.752,12,0.025,1,2878,226,0.079,3,ACSDT5Y2022,2024/04/23 16:25:11+00,REF-CDTR-0000000008,Yes,12890.2168130516,7758008.54574949
92,99,06085503333,1400000US06085503333,5033.33,"Census Tract 5033.33, Santa Clara County, California",4608,1365,1164,0.253,720,0.156,299,0.065,2266,0.492,159,0.035,3888,0.844,4,176354,2,212614,174844,191364,136202,213144,6,4455,832,0.187,171,0.206,91,0.109,570,0.685,0,0,3,3378,266,0.079,3,ACSDT5Y2022,2024/04/23 16:26:18+00,REF-CDTR-0000000099,Yes,25079.4554125634,22416247.2012811
93,352,06085512019,1400000US06085512019,5120.19,"Census Tract 5120.19, Santa Clara County, California",4404,1485,1096,0.249,1607,0.365,72,0.016,1405,0.319,224,0.051,2797,0.635,2,126326,3,78722,137731,169375,171844,183125,5,4258,630,0.148,13,0.021,57,0.09,440,0.698,120,0.19,2,3177,258,0.081,3,ACSDT5Y2022,2024/04/23 16:28:16+00,REF-CDTR-0000000352,Yes,15018.6795367052,11608501.3720755
94,373,06085512047,1400000US06085512047,5120.47,"Census Tract 5120.47, Santa Clara County, California",5783,1657,1507,0.261,2712,0.469,77,0.013,1222,0.211,265,0.046,3071,0.531,1,187813,1,131563,187813,,199063,140898,2,5400,736,0.136,361,0.49,145,0.197,174,0.236,56,0.076,2,3955,321,0.081,3,ACSDT5Y2022,2024/04/23 16:28:16+00,REF-CDTR-0000000373,Yes,18273.5555649267,17798291.9248995
95,367,06085512037,1400000US06085512037,5120.37,"Census Tract 5120.37, Santa Clara County, California",3064,952,756,0.247,1170,0.382,72,0.023,897,0.293,169,0.055,1894,0.618,2,172929,2,176250,171563,163026,186250,327083,4,2877,358,0.124,88,0.246,10,0.028,260,0.726,0,0,2,2162,180,0.083,3,ACSDT5Y2022,2024/04/23 16:28:16+00,REF-CDTR-0000000367,Yes,14264.2271763229,10850958.9861047
96,205,06085506203,1400000US06085506203,5062.03,"Census Tract 5062.03, Santa Clara County, California",6127,2228,1023,0.167,981,0.16,48,0.008,3875,0.632,200,0.033,5146,0.84,4,130735,3,,70745,,158613,103750,7,5846,1927,0.33,552,0.286,581,0.302,794,0.412,0,0,4,4334,364,0.084,3,ACSDT5Y2022,2024/04/23 16:27:07+00,REF-CDTR-0000000205,Yes,17183.4747551431,11872205.1685462
97,7,06085500800,1400000US06085500800,5008.00,"Census Tract 5008, Santa Clara County, California",4483,2425,1202,0.268,1727,0.385,550,0.123,673,0.15,331,0.074,2756,0.615,2,152112,3,112788,208869,115179,114292,190587,5,4411,751,0.17,378,0.503,45,0.06,195,0.26,133,0.177,3,3867,330,0.085,3,ACSDT5Y2022,2024/04/23 16:25:10+00,REF-CDTR-0000000007,Yes,23979.0197648839,18552122.7698779
98,142,06085504319,1400000US06085504319,5043.19,"Census Tract 5043.19, Santa Clara County, California",6720,2113,1219,0.181,471,0.07,122,0.018,4604,0.685,304,0.045,6249,0.93,5,175625,2,110594,120903,,201288,250000,7,6381,1283,0.201,243,0.189,108,0.084,932,0.726,0,0,3,5005,431,0.086,3,ACSDT5Y2022,2024/04/23 16:26:38+00,REF-CDTR-0000000142,Yes,21758.5039890658,22477237.520622
99,97,06085503331,1400000US06085503331,5033.31,"Census Tract 5033.31, Santa Clara County, California",3725,1381,524,0.141,1171,0.314,2,0.001,1733,0.465,295,0.079,2554,0.686,2,119663,4,185208,83906,,250000,182813,6,3590,451,0.126,22,0.049,143,0.317,286,0.634,0,0,2,3011,261,0.087,3,ACSDT5Y2022,2024/04/23 16:26:18+00,REF-CDTR-0000000097,Yes,19620.9243581651,14698111.885909
100,207,06085506301,1400000US06085506301,5063.01,"Census Tract 5063.01, Santa Clara County, California",5101,2154,990,0.194,1906,0.374,243,0.048,1512,0.296,450,0.088,3195,0.626,2,121667,4,122574,136250,51140,135197,135371,6,4687,572,0.122,238,0.416,34,0.059,300,0.524,0,0,2,4039,353,0.087,3,ACSDT5Y2022,2024/04/23 16:27:07+00,REF-CDTR-0000000207,Yes,18092.5159687468,16128819.1301784
101,133,06085504202,1400000US06085504202,5042.02,"Census Tract 5042.02, Santa Clara County, California",4184,1262,1142,0.273,1473,0.352,158,0.038,1227,0.293,184,0.044,2711,0.648,2,172115,2,147500,250000,124348,147321,253080,4,4020,778,0.194,319,0.41,99,0.127,360,0.463,0,0,3,3307,296,0.09,3,ACSDT5Y2022,2024/04/23 16:26:38+00,REF-CDTR-0000000133,Yes,88297.8874387626,166896899.364113
102,53,06085503002,1400000US06085503002,5030.02,"Census Tract 5030.02, Santa Clara County, California",3814,1339,1073,0.281,1832,0.48,118,0.031,490,0.128,301,0.079,1982,0.52,1,127028,3,112736,163125,51348,207548,,4,3503,274,0.078,189,0.69,9,0.033,59,0.215,17,0.062,1,2649,246,0.093,3,ACSDT5Y2022,2024/04/23 16:25:57+00,REF-CDTR-0000000053,Yes,16427.8418416944,14572695.2706124
103,6,06085500600,1400000US06085500600,5006.00,"Census Tract 5006, Santa Clara County, California",6069,2285,2196,0.362,1971,0.325,272,0.045,1243,0.205,387,0.064,4098,0.675,2,119675,4,96250,159688,62955,,187666,6,5919,827,0.14,517,0.625,0,0,290,0.351,20,0.024,2,4092,386,0.094,3,ACSDT5Y2022,2024/04/23 16:25:09+00,REF-CDTR-0000000006,Yes,17537.4149511281,14418342.554657
104,30,06085502202,1400000US06085502202,5022.02,"Census Tract 5022.02, Santa Clara County, California",2910,1383,491,0.169,1577,0.542,179,0.062,496,0.17,167,0.057,1333,0.458,1,104107,4,,110903,,219013,,5,2793,261,0.093,200,0.766,37,0.142,24,0.092,0,0,1,2306,218,0.095,3,ACSDT5Y2022,2024/04/23 16:25:33+00,REF-CDTR-0000000030,Yes,17756.3532386164,12005005.9285944
105,137,06085504314,1400000US06085504314,5043.14,"Census Tract 5043.14, Santa Clara County, California",4745,1346,567,0.119,471,0.099,250,0.053,3263,0.688,194,0.041,4274,0.901,4,165714,2,195341,,,208333,401125,6,4563,1403,0.307,71,0.051,57,0.041,1275,0.909,0,0,4,3488,335,0.096,3,ACSDT5Y2022,2024/04/23 16:26:38+00,REF-CDTR-0000000137,Yes,17398.3019992729,15880899.6631729
106,2,06085500200,1400000US06085500200,5002.00,"Census Tract 5002, Santa Clara County, California",5406,1927,1793,0.332,1413,0.261,468,0.087,1118,0.207,614,0.114,3993,0.739,3,155536,2,,198750,88290,180815,206281,5,5041,352,0.07,211,0.599,13,0.037,106,0.301,22,0.063,1,3983,392,0.098,3,ACSDT5Y2022,2024/04/23 16:25:04+00,REF-CDTR-0000000002,Yes,20564.4414336699,18085272.0501546
107,372,06085512045,1400000US06085512045,5120.45,"Census Tract 5120.45, Santa Clara County, California",5244,1707,1319,0.252,2224,0.424,14,0.003,1309,0.25,378,0.072,3020,0.576,2,174926,2,118707,153750,,220486,121696,4,4747,732,0.154,310,0.423,61,0.083,361,0.493,0,0,2,3660,367,0.1,3,ACSDT5Y2022,2024/04/23 16:28:16+00,REF-CDTR-0000000372,Yes,23329.288166999,22048845.142202
108,212,06085506402,1400000US06085506402,5064.02,"Census Tract 5064.02, Santa Clara County, California",5398,2181,1710,0.317,2325,0.431,145,0.027,932,0.173,286,0.053,3073,0.569,2,116783,4,130144,89973,,210972,130982,6,5126,660,0.129,315,0.477,123,0.186,175,0.265,47,0.071,2,4067,417,0.103,3,ACSDT5Y2022,2024/04/23 16:27:07+00,REF-CDTR-0000000212,Yes,17241.6406950837,15525049.1308262
109,94,06085503327,1400000US06085503327,5033.27,"Census Tract 5033.27, Santa Clara County, California",4522,1391,1258,0.278,462,0.102,46,0.01,2492,0.551,264,0.058,4060,0.898,4,144688,3,124167,,,220625,140924,7,4395,812,0.185,282,0.347,84,0.103,446,0.549,0,0,3,3185,337,0.106,3,ACSDT5Y2022,2024/04/23 16:26:18+00,REF-CDTR-0000000094,Yes,25750.6347905609,15501747.8269022
110,359,06085512027,1400000US06085512027,5120.27,"Census Tract 5120.27, Santa Clara County, California",4237,1466,1077,0.254,1638,0.387,29,0.007,1268,0.299,225,0.053,2599,0.613,2,117194,4,120221,116071,,175000,110500,6,3990,762,0.191,192,0.252,159,0.209,363,0.476,48,0.063,3,3067,332,0.108,3,ACSDT5Y2022,2024/04/23 16:28:16+00,REF-CDTR-0000000359,Yes,25079.2199724434,18766307.9163513
111,365,06085512035,1400000US06085512035,5120.35,"Census Tract 5120.35, Santa Clara County, California",4900,1312,1886,0.385,1197,0.244,189,0.039,1257,0.257,371,0.076,3703,0.756,3,186731,1,205457,167250,141983,227045,166818,4,4555,805,0.177,178,0.221,164,0.204,346,0.43,117,0.145,3,3262,359,0.11,3,ACSDT5Y2022,2024/04/23 16:28:16+00,REF-CDTR-0000000365,Yes,29183.7111545139,24589366.9274128
112,144,06085504321,1400000US06085504321,5043.21,"Census Tract 5043.21, Santa Clara County, California",5412,1640,999,0.185,519,0.096,68,0.013,3378,0.624,448,0.083,4893,0.904,4,172857,2,,111739,,183424,281625,6,5008,1697,0.339,288,0.17,58,0.034,1343,0.791,8,0.005,4,3953,433,0.11,3,ACSDT5Y2022,2024/04/23 16:26:38+00,REF-CDTR-0000000144,Yes,18147.2337399995,15608553.0411422
113,220,06085506605,1400000US06085506605,5066.05,"Census Tract 5066.05, Santa Clara County, California",4397,1539,951,0.216,1559,0.355,283,0.064,1217,0.277,387,0.088,2838,0.645,2,122917,4,86250,109524,250000,132778,214101,6,4210,1011,0.24,290,0.287,89,0.088,531,0.525,101,0.1,3,3498,387,0.111,3,ACSDT5Y2022,2024/04/23 16:27:09+00,REF-CDTR-0000000220,Yes,13569.4663138028,10754388.5876076
114,375,06085512053,1400000US06085512053,5120.53,"Census Tract 5120.53, Santa Clara County, California",5205,1610,2233,0.429,1681,0.323,371,0.071,611,0.117,309,0.059,3524,0.677,2,138750,3,124356,118636,,184773,242179,5,5049,412,0.082,132,0.32,36,0.087,195,0.473,49,0.119,1,3478,389,0.112,3,ACSDT5Y2022,2024/04/23 16:28:16+00,REF-CDTR-0000000375,Yes,16975.3462730683,11760107.0395882
115,14,06085501300,1400000US06085501300,5013.00,"Census Tract 5013, Santa Clara County, California",4063,1099,1099,0.27,1561,0.384,235,0.058,819,0.202,349,0.086,2502,0.616,2,127188,3,40508,153068,191450,206000,29769,5,3931,280,0.071,113,0.404,26,0.093,141,0.504,0,0,1,2309,262,0.113,3,ACSDT5Y2022,2024/04/23 16:25:19+00,REF-CDTR-0000000014,Yes,11507.8624590054,8040946.44483082
116,3,06085500300,1400000US06085500300,5003.00,"Census Tract 5003, Santa Clara County, California",4156,1681,1478,0.356,1713,0.412,161,0.039,597,0.144,207,0.05,2443,0.588,2,116172,4,93056,161125,,113750,118750,6,3993,441,0.11,300,0.68,29,0.066,95,0.215,17,0.039,1,3369,401,0.119,3,ACSDT5Y2022,2024/04/23 16:25:04+00,REF-CDTR-0000000003,Yes,31587.1582673543,31033140.7567214
117,135,06085504308,1400000US06085504308,5043.08,"Census Tract 5043.08, Santa Clara County, California",4895,1533,925,0.189,1110,0.227,26,0.005,2421,0.495,413,0.084,3785,0.773,3,179875,2,,171818,,250000,144595,5,4572,1046,0.229,66,0.063,69,0.066,911,0.871,0,0,3,3663,436,0.119,3,ACSDT5Y2022,2024/04/23 16:26:38+00,REF-CDTR-0000000135,Yes,69334.2560419155,200328697.893525
118,356,06085512024,1400000US06085512024,5120.24,"Census Tract 5120.24, Santa Clara County, California",4977,1737,1222,0.246,2273,0.457,164,0.033,1008,0.203,310,0.062,2704,0.543,1,137275,3,72059,152667,54352,143798,126280,4,4788,1058,0.221,210,0.198,279,0.264,353,0.334,216,0.204,3,3521,419,0.119,3,ACSDT5Y2022,2024/04/23 16:28:16+00,REF-CDTR-0000000356,Yes,16768.3188766486,17198746.8720573
119,368,06085512038,1400000US06085512038,5120.38,"Census Tract 5120.38, Santa Clara County, California",3142,1015,691,0.22,769,0.245,426,0.136,1196,0.381,60,0.019,2373,0.755,3,95795,5,53261,116758,,,53152,8,2848,399,0.14,40,0.1,82,0.206,257,0.644,20,0.05,2,1912,230,0.12,3,ACSDT5Y2022,2024/04/23 16:28:16+00,REF-CDTR-0000000368,Yes,21389.8951172295,14851462.1554965
120,199,06085505902,1400000US06085505902,5059.02,"Census Tract 5059.02, Santa Clara County, California",3950,1799,928,0.235,1989,0.504,43,0.011,870,0.22,120,0.03,1961,0.496,1,105542,4,105833,98057,,169063,58560,5,3751,635,0.169,208,0.328,105,0.165,305,0.48,17,0.027,3,2931,355,0.121,3,ACSDT5Y2022,2024/04/23 16:27:05+00,REF-CDTR-0000000199,Partial,14278.3763741309,9494910.72768278
121,86,06085503313,1400000US06085503313,5033.13,"Census Tract 5033.13, Santa Clara County, California",4729,1254,522,0.11,730,0.154,77,0.016,3226,0.682,174,0.037,3999,0.846,4,197159,1,107768,,,250000,,5,4457,1253,0.281,92,0.073,132,0.105,1029,0.821,0,0,4,3097,378,0.122,3,ACSDT5Y2022,2024/04/23 16:26:17+00,REF-CDTR-0000000086,Yes,19893.4620179465,17285838.511945
122,70,06085503207,1400000US06085503207,5032.07,"Census Tract 5032.07, Santa Clara County, California",3589,926,399,0.111,261,0.073,213,0.059,2658,0.741,58,0.016,3328,0.927,5,131250,3,,173182,81375,142250,,8,3465,1172,0.338,99,0.084,36,0.031,1037,0.885,0,0,4,2576,317,0.123,3,ACSDT5Y2022,2024/04/23 16:26:11+00,REF-CDTR-0000000070,Yes,19232.5264031347,13884296.1907335
123,182,06085505015,1400000US06085505015,5050.15,"Census Tract 5050.15, Santa Clara County, California",5229,1834,1559,0.298,1042,0.199,23,0.004,2190,0.419,415,0.079,4187,0.801,3,173345,2,148060,155078,,224263,147726,5,4878,1447,0.297,536,0.37,435,0.301,476,0.329,0,0,4,3789,465,0.123,3,ACSDT5Y2022,2024/04/23 16:26:59+00,REF-CDTR-0000000182,Yes,28434.8568606575,24331046.2649031
124,353,06085512021,1400000US06085512021,5120.21,"Census Tract 5120.21, Santa Clara County, California",6133,2036,931,0.152,2271,0.37,222,0.036,2393,0.39,316,0.052,3862,0.63,2,144632,3,187688,161364,250000,131384,167188,5,5671,1194,0.211,200,0.168,178,0.149,816,0.683,0,0,3,4475,551,0.123,3,ACSDT5Y2022,2024/04/23 16:28:16+00,REF-CDTR-0000000353,Yes,19215.8327643038,17327319.4116285
125,146,06085504323,1400000US06085504323,5043.23,"Census Tract 5043.23, Santa Clara County, California",5733,1846,443,0.077,760,0.133,11,0.002,4219,0.736,300,0.052,4973,0.867,4,146667,3,178106,,,149191,,7,5193,1866,0.359,156,0.084,99,0.053,1605,0.86,6,0.003,5,4193,524,0.125,3,ACSDT5Y2022,2024/04/23 16:26:40+00,REF-CDTR-0000000146,Yes,19066.2873196942,13831696.9599332
126,34,06085502302,1400000US06085502302,5023.02,"Census Tract 5023.02, Santa Clara County, California",3332,1341,1437,0.431,1493,0.448,124,0.037,208,0.062,70,0.021,1839,0.552,1,120821,4,143829,115057,113929,,307889,5,3176,507,0.16,294,0.58,188,0.371,25,0.049,0,0,2,2534,319,0.126,3,ACSDT5Y2022,2024/04/23 16:25:39+00,REF-CDTR-0000000034,Yes,11516.6712791208,7256367.66462123
127,24,06085501902,1400000US06085501902,5019.02,"Census Tract 5019.02, Santa Clara County, California",3385,1693,1446,0.427,889,0.263,29,0.009,875,0.258,146,0.043,2496,0.737,3,142981,3,95788,197232,88087,157404,189154,6,3204,379,0.118,310,0.818,19,0.05,50,0.132,0,0,2,2573,323,0.126,3,ACSDT5Y2022,2024/04/23 16:25:27+00,REF-CDTR-0000000024,Yes,13733.8481949923,11458341.1444422
128,90,06085503323,1400000US06085503323,5033.23,"Census Tract 5033.23, Santa Clara County, California",3750,1014,1251,0.334,384,0.102,50,0.013,2022,0.539,43,0.011,3366,0.898,4,156186,2,,178750,,156779,84143,6,3590,1020,0.284,205,0.201,16,0.016,799,0.783,0,0,4,2612,330,0.126,3,ACSDT5Y2022,2024/04/23 16:26:18+00,REF-CDTR-0000000090,Yes,14487.1814011862,12182137.5070487
129,91,06085503324,1400000US06085503324,5033.24,"Census Tract 5033.24, Santa Clara County, California",3420,908,576,0.168,374,0.109,56,0.016,2233,0.653,181,0.053,3046,0.891,4,158404,2,152917,156250,,156563,250000,6,3334,833,0.25,141,0.169,49,0.059,643,0.772,0,0,3,2406,318,0.132,3,ACSDT5Y2022,2024/04/23 16:26:18+00,REF-CDTR-0000000091,Yes,12851.0787720797,8911346.71907807
130,183,06085505100,1400000US06085505100,5051.00,"Census Tract 5051, Santa Clara County, California",4389,2050,1607,0.366,818,0.186,169,0.039,1660,0.378,135,0.031,3571,0.814,3,103378,4,81250,144271,,146406,,7,4015,777,0.194,268,0.345,52,0.067,457,0.588,0,0,3,3383,445,0.132,3,ACSDT5Y2022,2024/04/23 16:26:59+00,REF-CDTR-0000000183,Yes,39188.1297667607,74978773.4630134
131,143,06085504320,1400000US06085504320,5043.20,"Census Tract 5043.20, Santa Clara County, California",3000,912,241,0.08,416,0.139,40,0.013,2163,0.721,140,0.047,2584,0.861,4,176500,2,181406,126250,,190125,417797,6,2930,864,0.295,58,0.067,46,0.053,760,0.88,0,0,4,2298,309,0.134,3,ACSDT5Y2022,2024/04/23 16:26:38+00,REF-CDTR-0000000143,Yes,12367.1300284292,9943494.73328326
132,134,06085504307,1400000US06085504307,5043.07,"Census Tract 5043.07, Santa Clara County, California",5740,1848,1132,0.197,529,0.092,25,0.004,3869,0.674,185,0.032,5211,0.908,4,144604,3,142794,120765,,190347,143618,7,5363,1666,0.311,488,0.293,65,0.039,1113,0.668,0,0,4,4014,551,0.137,3,ACSDT5Y2022,2024/04/23 16:26:38+00,REF-CDTR-0000000134,Yes,21001.5624887447,18192303.2904872
133,31,06085502203,1400000US06085502203,5022.03,"Census Tract 5022.03, Santa Clara County, California",4211,1775,1223,0.29,1549,0.368,193,0.046,1002,0.238,244,0.058,2662,0.632,2,132125,3,99306,130750,,181080,229114,5,4083,796,0.195,331,0.416,97,0.122,289,0.363,79,0.099,3,3505,496,0.142,3,ACSDT5Y2022,2024/04/23 16:25:34+00,REF-CDTR-0000000031,Yes,12115.4790441799,6930118.07718995
134,49,06085502908,1400000US06085502908,5029.08,"Census Tract 5029.08, Santa Clara County, California",6464,2196,1551,0.24,3255,0.504,0,0,1277,0.198,381,0.059,3209,0.496,1,129412,3,,132109,,231705,,4,5943,945,0.159,615,0.651,72,0.076,258,0.273,0,0,2,4338,630,0.145,4,ACSDT5Y2022,2024/04/23 16:25:53+00,REF-CDTR-0000000049,Yes,19222.4403074547,22381750.0965951
135,216,06085506505,1400000US06085506505,5065.05,"Census Tract 5065.05, Santa Clara County, California",4333,1409,1782,0.411,1219,0.281,292,0.067,989,0.228,51,0.012,3114,0.719,3,132950,3,69886,144859,144444,132700,267830,6,3842,1105,0.288,647,0.586,164,0.148,279,0.252,15,0.014,4,2833,413,0.146,4,ACSDT5Y2022,2024/04/23 16:27:07+00,REF-CDTR-0000000216,Yes,12796.0668253684,7076522.53247619
136,139,06085504316,1400000US06085504316,5043.16,"Census Tract 5043.16, Santa Clara County, California",5410,1510,957,0.177,357,0.066,7,0.001,3978,0.735,111,0.021,5053,0.934,5,174706,2,150833,182679,,190096,289325,7,5170,1827,0.353,304,0.166,25,0.014,1498,0.82,0,0,5,3991,582,0.146,4,ACSDT5Y2022,2024/04/23 16:26:38+00,REF-CDTR-0000000139,Yes,16501.9575587875,12146051.0170061
137,25,06085502001,1400000US06085502001,5020.01,"Census Tract 5020.01, Santa Clara County, California",4767,2032,1853,0.389,1805,0.379,70,0.015,836,0.175,203,0.043,2962,0.621,2,106477,4,116493,123681,69524,94853,212756,6,4478,860,0.192,401,0.466,112,0.13,347,0.403,0,0,3,3618,531,0.147,4,ACSDT5Y2022,2024/04/23 16:25:27+00,REF-CDTR-0000000025,Yes,17723.3713671019,14354507.8200171
138,355,06085512023,1400000US06085512023,5120.23,"Census Tract 5120.23, Santa Clara County, California",5737,1927,2524,0.44,1088,0.19,358,0.062,1309,0.228,458,0.08,4649,0.81,3,98722,5,75598,130224,,173148,232574,8,5310,823,0.155,361,0.439,91,0.111,260,0.316,111,0.135,2,3925,580,0.148,4,ACSDT5Y2022,2024/04/23 16:28:16+00,REF-CDTR-0000000355,Yes,12843.2394283938,10214842.902328
139,29,06085502104,1400000US06085502104,5021.04,"Census Tract 5021.04, Santa Clara County, California",2634,982,1099,0.417,832,0.316,57,0.022,395,0.15,251,0.095,1802,0.684,2,121875,4,93152,187656,,159837,,6,2541,556,0.219,352,0.633,64,0.115,97,0.174,43,0.077,3,1955,291,0.149,4,ACSDT5Y2022,2024/04/23 16:25:32+00,REF-CDTR-0000000029,Yes,12848.361754698,8293042.17091526
140,346,06085511915,1400000US06085511915,5119.15,"Census Tract 5119.15, Santa Clara County, California",4055,1384,1954,0.482,1082,0.267,0,0,930,0.229,89,0.022,2973,0.733,3,93382,5,80625,,,230537,194958,8,3602,995,0.276,610,0.613,41,0.041,156,0.157,188,0.189,4,2478,368,0.149,4,ACSDT5Y2022,2024/04/23 16:28:16+00,REF-CDTR-0000000346,Yes,15773.909199262,12120491.5077142
141,210,06085506305,1400000US06085506305,5063.05,"Census Tract 5063.05, Santa Clara County, California",5638,2077,1755,0.311,1566,0.278,605,0.107,1367,0.242,345,0.061,4072,0.722,3,94777,5,77048,97391,94598,91446,99797,8,5323,1249,0.235,429,0.343,120,0.096,611,0.489,89,0.071,3,3925,587,0.15,4,ACSDT5Y2022,2024/04/23 16:27:07+00,REF-CDTR-0000000210,Yes,14866.3814310594,11761873.4486057
142,85,06085503312,1400000US06085503312,5033.12,"Census Tract 5033.12, Santa Clara County, California",3540,1073,1064,0.301,897,0.253,462,0.131,1035,0.292,82,0.023,2643,0.747,3,175927,2,118177,210227,175754,203000,243912,5,3223,662,0.205,257,0.388,85,0.128,320,0.483,0,0,3,2598,391,0.151,4,ACSDT5Y2022,2024/04/23 16:26:17+00,REF-CDTR-0000000085,Yes,79823.5391506308,162162588.840081
143,140,06085504317,1400000US06085504317,5043.17,"Census Tract 5043.17, Santa Clara County, California",3763,1037,645,0.171,350,0.093,10,0.003,2652,0.705,106,0.028,3413,0.907,4,157610,2,136198,160192,,168382,136354,6,3577,895,0.25,47,0.053,74,0.083,774,0.865,0,0,3,2860,443,0.155,4,ACSDT5Y2022,2024/04/23 16:26:38+00,REF-CDTR-0000000140,Yes,16988.8629385565,12818619.8400482
144,68,06085503126,1400000US06085503126,5031.26,"Census Tract 5031.26, Santa Clara County, California",3770,1303,1096,0.291,543,0.144,232,0.062,1797,0.477,102,0.027,3227,0.856,4,136865,3,133986,235417,65000,207946,135545,7,3459,891,0.258,311,0.349,15,0.017,545,0.612,20,0.022,3,2487,403,0.162,4,ACSDT5Y2022,2024/04/23 16:26:10+00,REF-CDTR-0000000068,Yes,21080.8804985779,16630588.3927965
145,22,06085501800,1400000US06085501800,5018.00,"Census Tract 5018, Santa Clara County, California",4622,1717,2220,0.48,1786,0.386,71,0.015,364,0.079,181,0.039,2836,0.614,2,137708,3,97630,233542,62917,250000,118393,5,4225,708,0.168,628,0.887,31,0.044,49,0.069,0,0,3,3207,531,0.166,4,ACSDT5Y2022,2024/04/23 16:25:26+00,REF-CDTR-0000000022,Yes,15760.741250636,15376637.2871218
146,32,06085502204,1400000US06085502204,5022.04,"Census Tract 5022.04, Santa Clara County, California",3242,1206,845,0.261,1164,0.359,395,0.122,728,0.225,110,0.034,2078,0.641,2,67552,5,43000,78448,41328,75625,26523,7,2898,672,0.232,374,0.557,132,0.196,114,0.17,52,0.077,3,2038,343,0.168,4,ACSDT5Y2022,2024/04/23 16:25:36+00,REF-CDTR-0000000032,Yes,10189.7443628859,3564103.04143454
147,100,06085503336,1400000US06085503336,5033.36,"Census Tract 5033.36, Santa Clara County, California",3081,830,708,0.23,161,0.052,77,0.025,2039,0.662,96,0.031,2920,0.948,5,144000,3,90368,250000,,163500,239974,8,2931,859,0.293,119,0.139,91,0.106,642,0.747,7,0.008,4,2182,380,0.174,4,ACSDT5Y2022,2024/04/23 16:26:18+00,REF-CDTR-0000000100,Yes,13723.545613832,9745460.7180956
148,92,06085503325,1400000US06085503325,5033.25,"Census Tract 5033.25, Santa Clara County, California",4391,1138,1127,0.257,333,0.076,77,0.018,2764,0.629,90,0.02,4058,0.924,5,172955,2,141984,176786,,174659,306871,7,4232,1353,0.32,308,0.228,53,0.039,992,0.733,0,0,4,3166,570,0.18,4,ACSDT5Y2022,2024/04/23 16:26:18+00,REF-CDTR-0000000092,Yes,16016.1936373356,12252649.3965559
149,1,06085500100,1400000US06085500100,5001.00,"Census Tract 5001, Santa Clara County, California",7903,2872,3941,0.499,1200,0.152,527,0.067,1787,0.226,448,0.057,6703,0.848,4,154868,2,99519,195357,236029,174620,255000,6,7321,2026,0.277,1607,0.793,22,0.011,397,0.196,0,0,4,5532,994,0.18,4,ACSDT5Y2022,2024/04/23 16:24:55+00,REF-CDTR-0000000001,Yes,19857.6306217537,20687425.8718169
150,13,06085501200,1400000US06085501200,5012.00,"Census Tract 5012, Santa Clara County, California",4345,1460,2106,0.485,1456,0.335,88,0.02,550,0.127,145,0.033,2889,0.665,2,106500,4,84185,145573,,,205213,6,4168,541,0.13,297,0.549,0,0,244,0.451,0,0,2,2736,509,0.186,4,ACSDT5Y2022,2024/04/23 16:25:18+00,REF-CDTR-0000000013,Yes,12420.9772904167,8946602.33459111
151,124,06085503803,1400000US06085503803,5038.03,"Census Tract 5038.03, Santa Clara County, California",4988,1242,1573,0.315,396,0.079,111,0.022,2683,0.538,225,0.045,4592,0.921,4,162500,2,117353,138083,,178188,76544,6,4651,1749,0.376,642,0.367,123,0.07,984,0.563,0,0,5,3393,631,0.186,4,ACSDT5Y2022,2024/04/23 16:26:33+00,REF-CDTR-0000000124,Yes,15400.1239239996,11329673.3220901
152,379,06085512057,1400000US06085512057,5120.57,"Census Tract 5120.57, Santa Clara County, California",4125,998,1935,0.469,1081,0.262,41,0.01,1056,0.256,12,0.003,3044,0.738,3,151146,3,128257,193699,,191731,79400,6,3965,914,0.231,556,0.608,0,0,306,0.335,52,0.057,3,3127,589,0.188,4,ACSDT5Y2022,2024/04/23 16:28:16+00,REF-CDTR-0000000379,Yes,18110.2114205065,14761727.8193438
153,148,06085504411,1400000US06085504411,5044.11,"Census Tract 5044.11, Santa Clara County, California",5901,1580,904,0.153,951,0.161,55,0.009,3806,0.645,185,0.031,4950,0.839,3,178333,2,114764,156429,,191396,113480,5,5694,1561,0.274,197,0.126,82,0.053,1282,0.821,0,0,4,4099,769,0.188,4,ACSDT5Y2022,2024/04/23 16:26:41+00,REF-CDTR-0000000148,Yes,16035.9324944754,14690145.7513498
154,88,06085503321,1400000US06085503321,5033.21,"Census Tract 5033.21, Santa Clara County, California",4301,1103,584,0.136,247,0.057,35,0.008,3371,0.784,64,0.015,4054,0.943,5,159375,2,136500,250000,,169250,138750,7,4089,1564,0.382,64,0.041,127,0.081,1373,0.878,0,0,5,3400,647,0.19,4,ACSDT5Y2022,2024/04/23 16:26:18+00,REF-CDTR-0000000088,Yes,19484.1947357232,21531230.3923544
155,12,06085501102,1400000US06085501102,5011.02,"Census Tract 5011.02, Santa Clara County, California",4191,1354,2795,0.667,985,0.235,0,0,266,0.063,145,0.035,3206,0.765,3,134250,3,123125,142381,,168456,247095,6,3978,448,0.113,341,0.761,61,0.136,46,0.103,0,0,2,3047,582,0.191,4,ACSDT5Y2022,2024/04/23 16:25:17+00,REF-CDTR-0000000012,Yes,15188.5284423503,13186082.5673879
156,123,06085503802,1400000US06085503802,5038.02,"Census Tract 5038.02, Santa Clara County, California",7937,2040,3358,0.423,711,0.09,151,0.019,2916,0.367,801,0.101,7226,0.91,4,124659,4,150958,100000,,120455,312824,8,7679,2111,0.275,1037,0.491,102,0.048,972,0.46,0,0,4,5398,1039,0.192,4,ACSDT5Y2022,2024/04/23 16:26:32+00,REF-CDTR-0000000123,Yes,17147.3126614419,18027647.5640204
157,79,06085503220,1400000US06085503220,5032.20,"Census Tract 5032.20, Santa Clara County, California",5092,1351,2893,0.568,290,0.057,82,0.016,1333,0.262,494,0.097,4802,0.943,5,91650,5,115236,,,61250,355859,10,4927,1367,0.277,606,0.443,54,0.04,707,0.517,0,0,4,3480,671,0.193,4,ACSDT5Y2022,2024/04/23 16:26:17+00,REF-CDTR-0000000079,Yes,13899.311586669,10224376.6170431
158,117,06085503708,1400000US06085503708,5037.08,"Census Tract 5037.08, Santa Clara County, California",2662,713,528,0.198,101,0.038,2,0.001,2010,0.755,21,0.008,2561,0.962,5,108281,4,160368,72708,,94107,162353,9,2539,1121,0.442,127,0.113,25,0.022,969,0.864,0,0,5,1995,390,0.195,4,ACSDT5Y2022,2024/04/23 16:26:29+00,REF-CDTR-0000000117,Yes,14731.57395152,13126772.4441444
159,62,06085503118,1400000US06085503118,5031.18,"Census Tract 5031.18, Santa Clara County, California",4413,1517,1903,0.431,485,0.11,167,0.038,1468,0.333,390,0.088,3928,0.89,4,92656,5,73667,137750,115688,119688,204613,9,4226,1144,0.271,706,0.617,13,0.011,425,0.372,0,0,4,3121,609,0.195,4,ACSDT5Y2022,2024/04/23 16:26:04+00,REF-CDTR-0000000062,Yes,11456.6174893093,6092495.99033393
160,20,06085501602,1400000US06085501602,5016.02,"Census Tract 5016.02, Santa Clara County, California",3255,1262,1800,0.553,748,0.23,186,0.057,292,0.09,229,0.07,2507,0.77,3,47000,5,56220,40806,,,103560,8,3218,532,0.165,436,0.82,0,0,49,0.092,47,0.088,2,2061,407,0.197,4,ACSDT5Y2022,2024/04/23 16:25:24+00,REF-CDTR-0000000020,Yes,9759.68292386028,4695292.9444591
161,28,06085502103,1400000US06085502103,5021.03,"Census Tract 5021.03, Santa Clara County, California",4261,1647,1857,0.436,1270,0.298,383,0.09,610,0.143,141,0.033,2991,0.702,2,81283,5,47109,87414,,,112631,7,4131,1067,0.258,712,0.667,83,0.078,264,0.247,8,0.007,3,3207,659,0.205,4,ACSDT5Y2022,2024/04/23 16:25:31+00,REF-CDTR-0000000028,Yes,15018.1794336044,11083759.7683534
162,60,06085503116,1400000US06085503116,5031.16,"Census Tract 5031.16, Santa Clara County, California",6469,2406,1823,0.282,1834,0.284,506,0.078,2226,0.344,80,0.012,4635,0.716,3,103972,4,104900,114107,158182,77273,157069,7,6094,1375,0.226,283,0.206,80,0.058,983,0.715,29,0.021,3,4698,963,0.205,4,ACSDT5Y2022,2024/04/23 16:26:01+00,REF-CDTR-0000000060,Yes,15675.9669894538,12286267.7931674
163,101,06085503337,1400000US06085503337,5033.37,"Census Tract 5033.37, Santa Clara County, California",4330,1051,729,0.168,232,0.054,172,0.04,3054,0.705,143,0.033,4098,0.946,5,130568,3,102279,,92969,149219,310863,8,4165,1591,0.382,187,0.118,200,0.126,1204,0.757,0,0,5,3096,638,0.206,4,ACSDT5Y2022,2024/04/23 16:26:18+00,REF-CDTR-0000000101,Yes,12409.1100080429,8244180.8744631
164,369,06085512039,1400000US06085512039,5120.39,"Census Tract 5120.39, Santa Clara County, California",6127,1445,3135,0.512,480,0.078,299,0.049,2184,0.356,29,0.005,5647,0.922,4,134594,3,137746,146250,,126964,400896,7,5784,1599,0.276,578,0.361,16,0.01,1005,0.629,0,0,4,3902,839,0.215,4,ACSDT5Y2022,2024/04/23 16:28:16+00,REF-CDTR-0000000369,Yes,22897.4398183133,14981898.6901902
165,147,06085504410,1400000US06085504410,5044.10,"Census Tract 5044.10, Santa Clara County, California",4124,1187,963,0.234,511,0.124,114,0.028,2397,0.581,139,0.034,3613,0.876,4,143173,3,92981,150278,,156429,73603,7,3996,1458,0.365,272,0.187,70,0.048,1116,0.765,0,0,5,3252,704,0.216,4,ACSDT5Y2022,2024/04/23 16:26:41+00,REF-CDTR-0000000147,Yes,15650.566213451,11861978.724342
166,74,06085503212,1400000US06085503212,5032.12,"Census Tract 5032.12, Santa Clara County, California",4176,991,612,0.147,201,0.048,108,0.026,3084,0.739,171,0.041,3975,0.952,5,116375,4,135893,172750,,108142,359766,9,3985,1887,0.474,168,0.089,0,0,1719,0.911,0,0,5,3137,687,0.219,4,ACSDT5Y2022,2024/04/23 16:26:15+00,REF-CDTR-0000000074,Yes,23006.9249500772,17988808.8608023
167,116,06085503707,1400000US06085503707,5037.07,"Census Tract 5037.07, Santa Clara County, California",5264,1353,2954,0.561,103,0.02,135,0.026,1984,0.377,88,0.017,5161,0.98,5,100375,5,78375,77000,,109342,270020,10,5040,2162,0.429,1037,0.48,118,0.055,1007,0.466,0,0,5,3681,811,0.22,4,ACSDT5Y2022,2024/04/23 16:26:28+00,REF-CDTR-0000000116,Yes,11366.6641988199,8116401.29296501
168,66,06085503124,1400000US06085503124,5031.24,"Census Tract 5031.24, Santa Clara County, California",5747,1726,1916,0.333,854,0.149,800,0.139,1849,0.322,328,0.057,4893,0.851,4,100742,4,101191,,,124650,145288,8,5509,1884,0.342,648,0.344,14,0.007,995,0.528,227,0.12,4,3718,821,0.221,4,ACSDT5Y2022,2024/04/23 16:26:09+00,REF-CDTR-0000000066,Yes,24793.8491717594,16925863.6135648
169,63,06085503121,1400000US06085503121,5031.21,"Census Tract 5031.21, Santa Clara County, California",5056,1522,3247,0.642,431,0.085,248,0.049,893,0.177,237,0.047,4625,0.915,4,74063,5,74375,70139,158250,,146114,9,4827,1378,0.285,826,0.599,0,0,505,0.366,47,0.034,4,3494,779,0.223,4,ACSDT5Y2022,2024/04/23 16:26:05+00,REF-CDTR-0000000063,Yes,20590.3935138573,23097543.1408167
170,26,06085502002,1400000US06085502002,5020.02,"Census Tract 5020.02, Santa Clara County, California",5308,1810,3038,0.572,1365,0.257,163,0.031,550,0.104,192,0.036,3943,0.743,3,106813,4,86699,156641,,230000,213333,7,5038,1325,0.263,1052,0.794,10,0.008,209,0.158,54,0.041,4,3433,785,0.229,4,ACSDT5Y2022,2024/04/23 16:25:29+00,REF-CDTR-0000000026,Yes,15834.0983235143,9686867.31253288
171,354,06085512022,1400000US06085512022,5120.22,"Census Tract 5120.22, Santa Clara County, California",6217,1854,1659,0.267,1211,0.195,131,0.021,2936,0.472,280,0.045,5006,0.805,3,89831,5,96343,81734,78864,85577,128935,8,5775,2005,0.347,316,0.158,134,0.067,1555,0.776,0,0,5,4435,1030,0.232,4,ACSDT5Y2022,2024/04/23 16:28:16+00,REF-CDTR-0000000354,Yes,14422.8382282562,11054762.1754068
172,127,06085503903,1400000US06085503903,5039.03,"Census Tract 5039.03, Santa Clara County, California",3083,841,1195,0.388,420,0.136,11,0.004,1433,0.465,24,0.008,2663,0.864,4,119548,4,88807,118697,,145950,210707,8,3004,983,0.327,309,0.314,75,0.076,586,0.596,13,0.013,4,2229,531,0.238,4,ACSDT5Y2022,2024/04/23 16:26:35+00,REF-CDTR-0000000127,Yes,12992.5803327565,9979719.30191959
173,65,06085503123,1400000US06085503123,5031.23,"Census Tract 5031.23, Santa Clara County, California",3777,1642,1961,0.519,718,0.19,204,0.054,591,0.156,303,0.08,3059,0.81,3,57772,5,61322,44850,22569,68487,120762,8,3729,795,0.213,499,0.628,0,0,251,0.316,45,0.057,3,2691,643,0.239,4,ACSDT5Y2022,2024/04/23 16:26:08+00,REF-CDTR-0000000065,Yes,12376.2789988182,7416415.55364387
174,378,06085512056,1400000US06085512056,5120.56,"Census Tract 5120.56, Santa Clara County, California",3125,1008,1308,0.419,804,0.257,49,0.016,685,0.219,279,0.089,2321,0.743,3,101111,4,83750,112582,,151333,,7,3010,803,0.267,532,0.663,14,0.017,257,0.32,0,0,4,2268,562,0.248,4,ACSDT5Y2022,2024/04/23 16:28:16+00,REF-CDTR-0000000378,Yes,14107.0786359734,10171810.1059081
175,17,06085501501,1400000US06085501501,5015.01,"Census Tract 5015.01, Santa Clara County, California",4159,1323,2248,0.541,316,0.076,197,0.047,1194,0.287,204,0.049,3843,0.924,5,75179,5,64526,230063,,76217,105260,10,3740,1745,0.467,1054,0.604,70,0.04,577,0.331,44,0.025,5,2747,681,0.248,4,ACSDT5Y2022,2024/04/23 16:25:21+00,REF-CDTR-0000000017,Yes,10854.1968313506,6711269.42650577
176,125,06085503804,1400000US06085503804,5038.04,"Census Tract 5038.04, Santa Clara County, California",5372,1711,1587,0.295,703,0.131,134,0.025,2688,0.5,260,0.048,4669,0.869,4,102483,4,67902,155156,103194,113750,86818,8,5216,1798,0.345,630,0.35,157,0.087,992,0.552,19,0.011,4,3863,958,0.248,4,ACSDT5Y2022,2024/04/23 16:26:34+00,REF-CDTR-0000000125,Yes,16262.7426535562,16246507.0420377
177,89,06085503322,1400000US06085503322,5033.22,"Census Tract 5033.22, Santa Clara County, California",4635,1141,1533,0.331,446,0.096,96,0.021,2508,0.541,52,0.011,4189,0.904,4,108973,4,175375,129229,96364,104435,337778,8,4552,1582,0.348,476,0.301,96,0.061,1010,0.638,0,0,5,3243,809,0.249,4,ACSDT5Y2022,2024/04/23 16:26:18+00,REF-CDTR-0000000089,Yes,18622.6658599477,15540771.8306222
178,118,06085503709,1400000US06085503709,5037.09,"Census Tract 5037.09, Santa Clara County, California",6178,2199,1655,0.268,276,0.045,230,0.037,3790,0.613,227,0.037,5902,0.955,5,59926,5,63988,195333,25000,54821,318224,10,5870,2769,0.472,644,0.233,62,0.022,2048,0.74,15,0.005,5,4465,1118,0.25,4,ACSDT5Y2022,2024/04/23 16:26:30+00,REF-CDTR-0000000118,Yes,12770.0093679418,9524754.26905059
179,129,06085504002,1400000US06085504002,5040.02,"Census Tract 5040.02, Santa Clara County, California",6385,1428,3373,0.528,249,0.039,0,0,2687,0.421,76,0.012,6136,0.961,5,90153,5,98875,,,85951,251400,10,6095,2645,0.434,1244,0.47,79,0.03,1322,0.5,0,0,5,4228,1061,0.251,4,ACSDT5Y2022,2024/04/23 16:26:35+00,REF-CDTR-0000000129,Yes,14352.2711935386,11046566.8301424
180,370,06085512042,1400000US06085512042,5120.42,"Census Tract 5120.42, Santa Clara County, California",2991,815,1222,0.409,195,0.065,201,0.067,1197,0.4,176,0.059,2796,0.935,5,112969,4,92386,,,152353,,9,2782,819,0.294,302,0.369,29,0.035,454,0.554,34,0.042,4,1981,499,0.252,4,ACSDT5Y2022,2024/04/23 16:28:16+00,REF-CDTR-0000000370,Yes,12346.1360926206,7139530.2996063
181,87,06085503315,1400000US06085503315,5033.15,"Census Tract 5033.15, Santa Clara County, California",8473,2154,2807,0.331,517,0.061,90,0.011,4955,0.585,104,0.012,7956,0.939,5,150192,3,164250,132917,226705,152404,71350,8,7956,2741,0.345,643,0.235,128,0.047,1946,0.71,24,0.009,4,5700,1448,0.254,5,ACSDT5Y2022,2024/04/23 16:26:18+00,REF-CDTR-0000000087,Yes,17204.7820645642,17728206.4509783
182,21,06085501700,1400000US06085501700,5017.00,"Census Tract 5017, Santa Clara County, California",4466,1393,3214,0.72,573,0.128,68,0.015,259,0.058,352,0.079,3893,0.872,4,86995,5,69259,133095,,127727,216053,9,4057,1081,0.266,779,0.721,15,0.014,141,0.13,146,0.135,4,2986,764,0.256,5,ACSDT5Y2022,2024/04/23 16:25:24+00,REF-CDTR-0000000021,Yes,15548.2612386657,12008227.2503425
183,382,06085512100,1400000US06085512100,5121.00,"Census Tract 5121, Santa Clara County, California",1640,478,920,0.561,462,0.282,10,0.006,191,0.116,57,0.035,1178,0.718,3,93542,5,66646,159135,,86250,,8,1598,372,0.233,261,0.702,4,0.011,97,0.261,10,0.027,3,1186,306,0.258,5,ACSDT5Y2022,2024/04/23 16:28:16+00,REF-CDTR-0000000382,Yes,120608.018034182,616506619.19424
184,15,06085501401,1400000US06085501401,5014.01,"Census Tract 5014.01, Santa Clara County, California",2954,978,1896,0.642,358,0.121,168,0.057,424,0.144,108,0.037,2596,0.879,4,74167,5,77664,96944,55833,21528,154699,9,2713,866,0.319,531,0.613,21,0.024,314,0.363,0,0,4,2052,532,0.259,5,ACSDT5Y2022,2024/04/23 16:25:19+00,REF-CDTR-0000000015,Yes,15013.7158765588,10747765.0378433
185,16,06085501402,1400000US06085501402,5014.02,"Census Tract 5014.02, Santa Clara County, California",2705,851,1646,0.609,781,0.289,43,0.016,177,0.065,58,0.021,1924,0.711,3,105771,4,83859,135059,,62083,198250,7,2649,991,0.374,675,0.681,248,0.25,68,0.069,0,0,5,2066,541,0.262,5,ACSDT5Y2022,2024/04/23 16:25:20+00,REF-CDTR-0000000016,Yes,11207.0637728665,5624910.21776973
186,215,06085506504,1400000US06085506504,5065.04,"Census Tract 5065.04, Santa Clara County, California",2832,846,2048,0.723,328,0.116,206,0.073,156,0.055,94,0.033,2504,0.884,4,85278,5,79688,122802,84022,,162828,9,2500,779,0.312,571,0.733,10,0.013,45,0.058,153,0.196,4,1579,413,0.262,5,ACSDT5Y2022,2024/04/23 16:27:07+00,REF-CDTR-0000000215,Yes,6052.41077240194,2256548.32112486
187,72,06085503210,1400000US06085503210,5032.10,"Census Tract 5032.10, Santa Clara County, California",4435,990,2092,0.472,230,0.052,160,0.036,1862,0.42,91,0.021,4205,0.948,5,113113,4,104609,125982,,150179,103672,9,4268,1817,0.426,757,0.417,0,0,1046,0.576,14,0.008,5,3020,793,0.263,5,ACSDT5Y2022,2024/04/23 16:26:13+00,REF-CDTR-0000000072,Yes,18596.1208718629,17177043.3269849
188,377,06085512055,1400000US06085512055,5120.55,"Census Tract 5120.55, Santa Clara County, California",3532,873,866,0.245,518,0.147,236,0.067,1876,0.531,36,0.01,3014,0.853,4,108393,4,84736,250000,67610,107619,293885,8,3362,945,0.281,134,0.142,0,0,811,0.858,0,0,4,2433,646,0.266,5,ACSDT5Y2022,2024/04/23 16:28:16+00,REF-CDTR-0000000377,Yes,12233.5941165111,7289486.54426313
189,128,06085504001,1400000US06085504001,5040.01,"Census Tract 5040.01, Santa Clara County, California",5085,1506,3422,0.673,312,0.061,8,0.002,1207,0.237,136,0.027,4773,0.939,5,75000,5,79583,,,117188,156551,10,4970,1768,0.356,1202,0.68,27,0.015,539,0.305,0,0,5,3641,1003,0.275,5,ACSDT5Y2022,2024/04/23 16:26:35+00,REF-CDTR-0000000128,Yes,14735.4676763195,12241213.067825
190,112,06085503511,1400000US06085503511,5035.11,"Census Tract 5035.11, Santa Clara County, California",3499,814,1644,0.47,152,0.043,161,0.046,1499,0.428,43,0.012,3347,0.957,5,114167,4,88688,,161250,168611,164836,9,3349,1257,0.375,528,0.42,45,0.036,668,0.531,16,0.013,5,2454,692,0.282,5,ACSDT5Y2022,2024/04/23 16:26:25+00,REF-CDTR-0000000112,Yes,13398.6726322471,8924177.33659056
191,73,06085503211,1400000US06085503211,5032.11,"Census Tract 5032.11, Santa Clara County, California",4160,1164,1201,0.289,514,0.124,140,0.034,2151,0.517,154,0.037,3646,0.876,4,96500,5,80185,120982,173125,155382,92668,9,3961,1656,0.418,597,0.361,22,0.013,1037,0.626,0,0,5,3266,921,0.282,5,ACSDT5Y2022,2024/04/23 16:26:14+00,REF-CDTR-0000000073,Yes,13878.8495280277,11397850.4369276
192,141,06085504318,1400000US06085504318,5043.18,"Census Tract 5043.18, Santa Clara County, California",7213,1899,1989,0.276,550,0.076,150,0.021,4307,0.597,217,0.03,6663,0.924,5,112367,4,152596,56103,,105583,153141,9,6992,2532,0.362,492,0.194,6,0.002,2034,0.803,0,0,5,4565,1292,0.283,5,ACSDT5Y2022,2024/04/23 16:26:38+00,REF-CDTR-0000000141,Yes,43237.6647749295,46973605.526585
193,10,06085501000,1400000US06085501000,5010.00,"Census Tract 5010, Santa Clara County, California",5003,2378,2627,0.525,1085,0.217,317,0.063,791,0.158,183,0.037,3918,0.783,3,54588,5,68477,,52950,19310,139480,8,4720,1232,0.261,770,0.625,0,0,444,0.36,18,0.015,4,3635,1044,0.287,5,ACSDT5Y2022,2024/04/23 16:25:14+00,REF-CDTR-0000000010,Yes,11866.1697273266,8639034.57102704
194,131,06085504102,1400000US06085504102,5041.02,"Census Tract 5041.02, Santa Clara County, California",5730,1307,3867,0.675,414,0.072,29,0.005,1397,0.244,23,0.004,5316,0.928,5,104489,4,98000,,,181250,202340,9,5247,1713,0.326,1049,0.612,0,0,664,0.388,0,0,4,3764,1091,0.29,5,ACSDT5Y2022,2024/04/23 16:26:36+00,REF-CDTR-0000000131,Yes,16591.8826671682,14449581.502527
195,75,06085503213,1400000US06085503213,5032.13,"Census Tract 5032.13, Santa Clara County, California",5140,1275,1739,0.338,193,0.038,40,0.008,3115,0.606,53,0.01,4947,0.962,5,73790,5,74565,,,73531,98795,10,4935,2058,0.417,311,0.151,0,0,1747,0.849,0,0,5,3316,973,0.293,5,ACSDT5Y2022,2024/04/23 16:26:15+00,REF-CDTR-0000000075,Yes,19470.9084465408,11833334.4732378
196,166,06085504602,1400000US06085504602,5046.02,"Census Tract 5046.02, Santa Clara County, California",1920,541,1236,0.644,244,0.127,27,0.014,344,0.179,69,0.036,1676,0.873,4,107438,4,86417,190972,,230833,193821,8,1796,461,0.257,383,0.831,15,0.033,63,0.137,0,0,3,1331,391,0.294,5,ACSDT5Y2022,2024/04/23 16:26:48+00,REF-CDTR-0000000166,Yes,127383.543088478,681818935.981207
197,71,06085503208,1400000US06085503208,5032.08,"Census Tract 5032.08, Santa Clara County, California",3182,715,1777,0.558,121,0.038,23,0.007,1144,0.36,117,0.037,3061,0.962,5,136328,3,123977,,,149464,185833,8,2940,1031,0.351,523,0.507,1,0.001,507,0.492,0,0,5,2061,609,0.295,5,ACSDT5Y2022,2024/04/23 16:26:12+00,REF-CDTR-0000000071,Yes,16403.2898243075,12101129.4487788
198,64,06085503122,1400000US06085503122,5031.22,"Census Tract 5031.22, Santa Clara County, California",3451,1213,1122,0.325,131,0.038,232,0.067,1828,0.53,138,0.04,3320,0.962,5,54344,5,,14625,,75139,96397,10,3329,1659,0.498,359,0.216,24,0.014,1276,0.769,0,0,5,2312,681,0.295,5,ACSDT5Y2022,2024/04/23 16:26:07+00,REF-CDTR-0000000064,Yes,28260.2879049615,39228394.8466938
199,121,06085503712,1400000US06085503712,5037.12,"Census Tract 5037.12, Santa Clara County, California",4340,1317,2164,0.499,330,0.076,40,0.009,1725,0.397,81,0.019,4010,0.924,5,70285,5,83170,156154,,49643,86750,10,4174,1706,0.409,741,0.434,44,0.026,921,0.54,0,0,5,2954,881,0.298,5,ACSDT5Y2022,2024/04/23 16:26:32+00,REF-CDTR-0000000121,Yes,10941.249817861,7148364.89064672
200,120,06085503711,1400000US06085503711,5037.11,"Census Tract 5037.11, Santa Clara County, California",4780,978,2975,0.622,127,0.027,71,0.015,1544,0.323,63,0.013,4653,0.973,5,96650,5,84338,171250,53571,151719,217469,10,4300,1551,0.361,840,0.542,10,0.006,701,0.452,0,0,5,2666,797,0.299,5,ACSDT5Y2022,2024/04/23 16:26:30+00,REF-CDTR-0000000120,Yes,13214.2228696522,10395015.4484542
201,76,06085503217,1400000US06085503217,5032.17,"Census Tract 5032.17, Santa Clara County, California",4412,967,3083,0.699,64,0.015,16,0.004,1107,0.251,142,0.032,4348,0.985,5,81696,5,86125,,,,173787,10,4149,1398,0.337,709,0.507,0,0,689,0.493,0,0,4,2508,758,0.302,5,ACSDT5Y2022,2024/04/23 16:26:16+00,REF-CDTR-0000000076,Yes,11704.7789961252,6478314.37534132
202,119,06085503710,1400000US06085503710,5037.10,"Census Tract 5037.10, Santa Clara County, California",3334,1044,1780,0.534,163,0.049,20,0.006,1117,0.335,254,0.076,3171,0.951,5,56582,5,56946,,,45694,54665,10,3071,1141,0.372,475,0.416,36,0.032,630,0.552,0,0,5,2180,661,0.303,5,ACSDT5Y2022,2024/04/23 16:26:30+00,REF-CDTR-0000000119,Yes,12564.897161814,6471347.57377933
203,111,06085503510,1400000US06085503510,5035.10,"Census Tract 5035.10, Santa Clara County, California",4565,1151,3115,0.682,438,0.096,7,0.002,843,0.185,162,0.035,4127,0.904,4,101607,4,98060,192872,,99779,187799,8,4412,1415,0.321,966,0.683,37,0.026,412,0.291,0,0,4,2880,882,0.306,5,ACSDT5Y2022,2024/04/23 16:26:24+00,REF-CDTR-0000000111,Yes,14739.0167226041,11117296.390618
204,371,06085512043,1400000US06085512043,5120.43,"Census Tract 5120.43, Santa Clara County, California",5919,1648,3543,0.599,567,0.096,139,0.023,1625,0.275,45,0.008,5352,0.904,4,63033,5,87727,44063,,48750,146628,9,5596,2106,0.376,1173,0.557,51,0.024,863,0.41,19,0.009,5,3840,1174,0.306,5,ACSDT5Y2022,2024/04/23 16:28:16+00,REF-CDTR-0000000371,Yes,14721.9700994197,9926828.41799655
205,57,06085503111,1400000US06085503111,5031.11,"Census Tract 5031.11, Santa Clara County, California",5243,1132,2777,0.53,210,0.04,156,0.03,1996,0.381,104,0.02,5033,0.96,5,118864,4,117938,135962,,125610,263625,9,4967,2345,0.472,1135,0.484,53,0.023,1157,0.493,0,0,5,3746,1163,0.31,5,ACSDT5Y2022,2024/04/23 16:26:00+00,REF-CDTR-0000000057,Yes,15221.6140182998,9742275.90120037
206,59,06085503113,1400000US06085503113,5031.13,"Census Tract 5031.13, Santa Clara County, California",4746,1328,3613,0.761,746,0.157,51,0.011,307,0.065,29,0.006,4000,0.843,4,90188,5,90077,121667,,,247417,9,4407,1628,0.369,1435,0.881,10,0.006,133,0.082,50,0.031,5,3125,972,0.311,5,ACSDT5Y2022,2024/04/23 16:26:01+00,REF-CDTR-0000000059,Yes,11431.2014796087,7839132.32750043
207,108,06085503507,1400000US06085503507,5035.07,"Census Tract 5035.07, Santa Clara County, California",2332,397,1459,0.626,7,0.003,0,0,842,0.361,24,0.01,2325,0.997,5,135329,3,138750,,,104219,187847,8,2250,1094,0.486,693,0.633,4,0.004,397,0.363,0,0,5,1550,490,0.316,5,ACSDT5Y2022,2024/04/23 16:26:22+00,REF-CDTR-0000000108,Yes,10162.6939834748,4181818.16820658
208,58,06085503112,1400000US06085503112,5031.12,"Census Tract 5031.12, Santa Clara County, California",4062,1435,2300,0.566,446,0.11,347,0.085,900,0.222,69,0.017,3616,0.89,4,72064,5,72462,65179,48849,88750,169557,9,3691,1261,0.342,686,0.544,36,0.029,506,0.401,33,0.026,4,2610,828,0.317,5,ACSDT5Y2022,2024/04/23 16:26:01+00,REF-CDTR-0000000058,Yes,14386.3179072376,12237234.0832986
209,18,06085501502,1400000US06085501502,5015.02,"Census Tract 5015.02, Santa Clara County, California",4160,1212,2409,0.579,785,0.189,10,0.002,634,0.152,322,0.077,3375,0.811,3,101094,4,55483,,,211400,232497,7,3902,1012,0.259,749,0.74,26,0.026,237,0.234,0,0,3,2724,873,0.32,5,ACSDT5Y2022,2024/04/23 16:25:21+00,REF-CDTR-0000000018,Yes,14402.5579858477,9563364.82867952
210,55,06085503105,1400000US06085503105,5031.05,"Census Tract 5031.05, Santa Clara County, California",2139,739,748,0.35,98,0.046,0,0,1284,0.6,9,0.004,2041,0.954,5,58162,5,84896,95197,,46875,179107,10,2071,1012,0.489,246,0.243,0,0,766,0.757,0,0,5,1614,530,0.328,5,ACSDT5Y2022,2024/04/23 16:25:59+00,REF-CDTR-0000000055,Yes,20137.1587571996,18911751.1635731
211,83,06085503305,1400000US06085503305,5033.05,"Census Tract 5033.05, Santa Clara County, California",5854,1405,2375,0.406,134,0.023,81,0.014,3126,0.534,138,0.024,5720,0.977,5,86629,5,87738,83833,,78438,98750,10,5510,2252,0.409,750,0.333,14,0.006,1488,0.661,0,0,5,3744,1231,0.329,5,ACSDT5Y2022,2024/04/23 16:26:17+00,REF-CDTR-0000000083,Yes,21382.7566452978,25015963.8918274
212,107,06085503506,1400000US06085503506,5035.06,"Census Tract 5035.06, Santa Clara County, California",6910,1254,4741,0.686,240,0.035,198,0.029,1648,0.238,83,0.012,6670,0.965,5,102350,4,103750,,,149028,291985,9,6670,2682,0.402,1904,0.71,134,0.05,644,0.24,0,0,5,4236,1398,0.33,5,ACSDT5Y2022,2024/04/23 16:26:22+00,REF-CDTR-0000000107,Yes,13574.5826160527,10761349.9991643
213,78,06085503219,1400000US06085503219,5032.19,"Census Tract 5032.19, Santa Clara County, California",2648,798,1472,0.556,41,0.015,143,0.054,992,0.375,0,0,2607,0.985,5,57723,5,58036,,,81250,57813,10,2511,949,0.378,441,0.465,0,0,508,0.535,0,0,5,1703,563,0.331,5,ACSDT5Y2022,2024/04/23 16:26:16+00,REF-CDTR-0000000078,Yes,10806.6564435904,5210974.34949001
214,61,06085503117,1400000US06085503117,5031.17,"Census Tract 5031.17, Santa Clara County, California",2823,692,1468,0.52,78,0.028,12,0.004,1214,0.43,51,0.018,2745,0.972,5,89583,5,88636,176607,,87692,233326,10,2678,1423,0.531,657,0.462,8,0.006,758,0.533,0,0,5,1798,595,0.331,5,ACSDT5Y2022,2024/04/23 16:26:02+00,REF-CDTR-0000000061,Yes,10390.993925435,5402522.30582521
215,126,06085503902,1400000US06085503902,5039.02,"Census Tract 5039.02, Santa Clara County, California",6393,1537,4274,0.669,630,0.099,0,0,1393,0.218,96,0.015,5763,0.901,4,94883,5,102500,59688,,161417,209350,9,5896,2368,0.402,1510,0.638,51,0.022,807,0.341,0,0,5,4016,1332,0.332,5,ACSDT5Y2022,2024/04/23 16:26:34+00,REF-CDTR-0000000126,Yes,13780.3123988699,11042115.1326242
216,80,06085503221,1400000US06085503221,5032.21,"Census Tract 5032.21, Santa Clara County, California",2338,821,377,0.161,91,0.039,0,0,1870,0.8,0,0,2247,0.961,5,57396,5,106940,,,38846,135305,10,2205,1492,0.677,165,0.111,49,0.033,1278,0.857,0,0,5,1783,600,0.337,5,ACSDT5Y2022,2024/04/23 16:26:17+00,REF-CDTR-0000000080,Yes,13817.5713796003,11354730.856417
217,113,06085503601,1400000US06085503601,5036.01,"Census Tract 5036.01, Santa Clara County, California",3582,885,2025,0.565,673,0.188,107,0.03,738,0.206,39,0.011,2909,0.812,3,90750,5,81950,69375,,155875,184578,8,3410,1198,0.351,687,0.573,357,0.298,154,0.129,0,0,5,2232,754,0.338,5,ACSDT5Y2022,2024/04/23 16:26:25+00,REF-CDTR-0000000113,Yes,18052.2851503858,14770006.8108401
218,130,06085504101,1400000US06085504101,5041.01,"Census Tract 5041.01, Santa Clara County, California",4490,1069,3005,0.669,539,0.12,0,0,758,0.169,188,0.042,3951,0.88,4,107250,4,127857,105208,,110179,103884,8,4271,1439,0.337,1106,0.769,23,0.016,310,0.215,0,0,4,3323,1123,0.338,5,ACSDT5Y2022,2024/04/23 16:26:35+00,REF-CDTR-0000000130,Yes,14365.9366070627,10687191.4852341
219,106,06085503504,1400000US06085503504,5035.04,"Census Tract 5035.04, Santa Clara County, California",5601,1112,3748,0.669,18,0.003,41,0.007,1785,0.319,9,0.002,5583,0.997,5,146016,3,145703,,,180250,336882,8,5385,2477,0.46,1383,0.558,38,0.015,1056,0.426,0,0,5,3690,1273,0.345,5,ACSDT5Y2022,2024/04/23 16:26:22+00,REF-CDTR-0000000106,Yes,16534.4882767818,12071161.2011068
220,114,06085503602,1400000US06085503602,5036.02,"Census Tract 5036.02, Santa Clara County, California",5255,1268,3440,0.655,283,0.054,95,0.018,1437,0.273,0,0,4972,0.946,5,88235,5,88750,,98819,79519,279584,10,5001,1880,0.376,1042,0.554,39,0.021,799,0.425,0,0,5,3300,1153,0.349,5,ACSDT5Y2022,2024/04/23 16:26:26+00,REF-CDTR-0000000114,Yes,16573.8873172589,13165775.8670775
221,81,06085503222,1400000US06085503222,5032.22,"Census Tract 5032.22, Santa Clara County, California",6103,1547,3373,0.553,39,0.006,0,0,2257,0.37,434,0.071,6064,0.994,5,95912,5,104940,,,90385,209157,10,5794,2685,0.463,1312,0.489,17,0.006,1356,0.505,0,0,5,3660,1353,0.37,5,ACSDT5Y2022,2024/04/23 16:26:17+00,REF-CDTR-0000000081,Yes,12157.6687618501,8085140.6234861
222,109,06085503508,1400000US06085503508,5035.08,"Census Tract 5035.08, Santa Clara County, California",5982,1221,4188,0.7,288,0.048,85,0.014,962,0.161,459,0.077,5694,0.952,5,123168,4,127578,,,115750,245351,9,5619,2014,0.358,1410,0.7,32,0.016,572,0.284,0,0,5,4034,1498,0.371,5,ACSDT5Y2022,2024/04/23 16:26:22+00,REF-CDTR-0000000109,Yes,13307.9763594027,10850519.8414857
223,82,06085503304,1400000US06085503304,5033.04,"Census Tract 5033.04, Santa Clara County, California",6804,1758,2486,0.365,420,0.062,79,0.012,3673,0.54,146,0.021,6384,0.938,5,94539,5,75769,73333,200104,97105,169737,10,6576,2891,0.44,846,0.293,204,0.071,1828,0.632,13,0.004,5,4905,1856,0.378,5,ACSDT5Y2022,2024/04/23 16:26:17+00,REF-CDTR-0000000082,Yes,18733.6981138752,16010859.9122081
224,115,06085503703,1400000US06085503703,5037.03,"Census Tract 5037.03, Santa Clara County, California",3888,866,2797,0.719,4,0.001,157,0.04,920,0.237,10,0.003,3884,0.999,5,78750,5,77381,,,99375,80200,10,3696,1583,0.428,1063,0.672,10,0.006,499,0.315,11,0.007,5,2535,973,0.384,5,ACSDT5Y2022,2024/04/23 16:26:27+00,REF-CDTR-0000000115,Yes,12311.5407035812,7050002.05257229
225,56,06085503110,1400000US06085503110,5031.10,"Census Tract 5031.10, Santa Clara County, California",4067,956,2740,0.674,119,0.029,133,0.033,1022,0.251,53,0.013,3948,0.971,5,82750,5,82688,,,77109,310457,10,3773,1758,0.466,1129,0.642,0,0,593,0.337,36,0.02,5,2324,895,0.385,5,ACSDT5Y2022,2024/04/23 16:25:59+00,REF-CDTR-0000000056,Yes,14129.9811445493,8238752.92626312
226,84,06085503306,1400000US06085503306,5033.06,"Census Tract 5033.06, Santa Clara County, California",4047,832,1766,0.436,112,0.028,6,0.001,2091,0.517,72,0.018,3935,0.972,5,118214,4,133281,,,82917,255626,9,3922,1686,0.43,381,0.226,12,0.007,1293,0.767,0,0,5,2757,1079,0.391,5,ACSDT5Y2022,2024/04/23 16:26:17+00,REF-CDTR-0000000084,Yes,19490.9481872601,17947862.9264789
227,110,06085503509,1400000US06085503509,5035.09,"Census Tract 5035.09, Santa Clara County, California",4396,834,2791,0.635,252,0.057,137,0.031,1198,0.273,18,0.004,4144,0.943,5,139130,3,152361,,83125,143203,486653,8,4150,1687,0.407,1016,0.602,31,0.018,632,0.375,8,0.005,5,2885,1128,0.391,5,ACSDT5Y2022,2024/04/23 16:26:22+00,REF-CDTR-0000000110,Yes,17306.3471115358,11609880.1652247
228,122,06085503713,1400000US06085503713,5037.13,"Census Tract 5037.13, Santa Clara County, California",3331,1085,1893,0.568,123,0.037,106,0.032,1103,0.331,106,0.032,3208,0.963,5,64753,5,66111,140550,80625,27083,142172,10,3134,1435,0.458,720,0.502,89,0.062,626,0.436,0,0,5,2096,828,0.395,5,ACSDT5Y2022,2024/04/23 16:26:32+00,REF-CDTR-0000000122,Yes,10145.7036659071,5248674.35586127
229,105,06085503402,1400000US06085503402,5034.02,"Census Tract 5034.02, Santa Clara County, California",4597,1042,3002,0.653,357,0.078,24,0.005,1059,0.23,155,0.034,4240,0.922,4,66538,5,70919,,,,68750,9,4357,1166,0.268,722,0.619,62,0.053,382,0.328,0,0,4,2488,992,0.399,5,ACSDT5Y2022,2024/04/23 16:26:22+00,REF-CDTR-0000000105,Yes,12444.4958788103,7841745.50893042
230,104,06085503401,1400000US06085503401,5034.01,"Census Tract 5034.01, Santa Clara County, California",4329,953,3458,0.799,64,0.015,39,0.009,758,0.175,10,0.002,4265,0.985,5,89321,5,81786,,,135833,137888,10,4074,1679,0.412,1287,0.767,0,0,392,0.233,0,0,5,2914,1178,0.404,5,ACSDT5Y2022,2024/04/23 16:26:21+00,REF-CDTR-0000000104,Yes,14962.4624958107,9712072.06045857
231,77,06085503218,1400000US06085503218,5032.18,"Census Tract 5032.18, Santa Clara County, California",4519,1083,3403,0.753,180,0.04,110,0.024,783,0.173,43,0.01,4339,0.96,5,66958,5,71858,103015,,42250,102404,10,4372,1876,0.429,1353,0.721,0,0,502,0.268,21,0.011,5,2757,1136,0.412,5,ACSDT5Y2022,2024/04/23 16:26:16+00,REF-CDTR-0000000077,Yes,10922.6752505494,6355663.29079534
232,9,06085500902,1400000US06085500902,5009.02,"Census Tract 5009.02, Santa Clara County, California",4613,550,1509,0.327,854,0.185,344,0.075,1521,0.33,385,0.083,3759,0.815,3,41250,5,46518,45272,,28438,46875,8,4575,656,0.143,334,0.509,57,0.087,260,0.396,5,0.008,2,800,357,0.446,5,ACSDT5Y2022,2024/04/23 16:25:12+00,REF-CDTR-0000000009,Yes,6770.95126922732,2610255.60986419
233,158,06085504424,1400000US06085504424,5044.24,"Census Tract 5044.24, Santa Clara County, California",5269,1560,771,0.146,648,0.123,91,0.017,3337,0.633,422,0.08,4621,0.877,4,151302,3,173636,158919,,150677,203393,7,5131,1521,0.296,106,0.07,115,0.076,1300,0.855,0,0,4,3878,330,0.085,3,ACSDT5Y2022,2024/04/23 16:26:43+00,REF-CDTR-0000000158,Partial,22472.0238636588,16016339.9145348
234,408,06085513500,1400000US06085513500,5135.00,"Census Tract 5135, Santa Clara County, California",1362,341,516,0.379,700,0.514,8,0.006,119,0.087,19,0.014,662,0.486,1,111964,4,135673,170893,,,81382,5,1305,129,0.099,100,0.775,0,0,29,0.225,0,0,1,904,33,0.037,1,ACSDT5Y2022,2024/04/23 16:28:21+00,REF-CDTR-0000000408,Partial,324338.068100988,1668987828.48074
235,389,06085512311,1400000US06085512311,5123.11,"Census Tract 5123.11, Santa Clara County, California",4171,1305,1486,0.356,1536,0.368,213,0.051,742,0.178,194,0.047,2635,0.632,2,147681,3,110227,116719,148750,238993,296063,5,3886,288,0.074,216,0.75,13,0.045,55,0.191,4,0.014,1,2790,300,0.108,3,ACSDT5Y2022,2024/04/23 16:28:16+00,REF-CDTR-0000000389,Partial,13387.444653413,5950197.77228068
236,383,06085512200,1400000US06085512200,5122.00,"Census Tract 5122, Santa Clara County, California",4905,1699,1356,0.276,2412,0.492,96,0.02,497,0.101,544,0.111,2493,0.508,1,235674,1,241500,211587,,250000,250000,2,4656,224,0.048,147,0.656,7,0.031,70,0.313,0,0,1,3639,121,0.033,1,ACSDT5Y2022,2024/04/23 16:28:16+00,REF-CDTR-0000000383,Partial,89467.2498048814,235892679.248525
